FID,yr,mo,dy,date,time,tz,st,stf,mag,inj,fat,loss,closs,slon,slat,elon,elat,len,wid,kind,stroke
0,1990,1,19,1/19/1990,15:40:00,3,TX,48,3,2,0,6,0,-94.95,31.22,-94.83,31.35,13,100,Tornado,#FFAA00
1,1990,1,19,1/19/1990,15:40:00,3,TX,48,3,2,0,6,0,-94.95,31.22,-94.83,31.35,13,100,Tornado,#FFAA00
2,1990,1,19,1/19/1990,15:40:00,3,TX,48,3,2,0,6,0,-94.95,31.22,-94.83,31.35,13,100,Tornado,#FFAA00
3,1990,1,19,1/19/1990,15:40:00,3,TX,48,3,2,0,6,0,-94.95,31.22,-94.83,31.35,13,100,Tornado,#FFAA00
4,1990,1,19,1/19/1990,15:40:00,3,TX,48,3,2,0,6,0,-94.95,31.22,-94.83,31.35,13,100,Tornado,#FFAA00
5,1990,2,9,2/9/1990,17:16:00,3,TX,48,2,1,0,0,0,-94.83,31.7,-94.5,31.82,25,100,Tornado,#008000
6,1990,2,9,2/9/1990,17:16:00,3,TX,48,2,1,0,0,0,-94.83,31.7,-94.5,31.82,25,100,Tornado,#008000
7,1990,2,9,2/9/1990,17:16:00,3,TX,48,2,1,0,0,0,-94.83,31.7,-94.5,31.82,25,100,Tornado,#008000
8,1990,2,9,2/9/1990,17:16:00,3,TX,48,2,1,0,0,0,-94.83,31.7,-94.5,31.82,25,100,Tornado,#008000
9,1990,2,9,2/9/1990,17:16:00,3,TX,48,2,1,0,0,0,-94.83,31.7,-94.5,31.82,25,100,Tornado,#008000
10,1990,2,9,2/9/1990,17:16:00,3,TX,48,2,1,0,0,0,-94.83,31.7,-94.5,31.82,25,100,Tornado,#008000
11,1990,2,9,2/9/1990,17:16:00,3,TX,48,2,1,0,0,0,-94.83,31.7,-94.5,31.82,25,100,Tornado,#008000
12,1990,2,9,2/9/1990,17:16:00,3,TX,48,2,1,0,0,0,-94.83,31.7,-94.5,31.82,25,100,Tornado,#008000
13,1990,2,9,2/9/1990,17:16:00,3,TX,48,2,1,0,0,0,-94.83,31.7,-94.5,31.82,25,100,Tornado,#008000
14,1990,2,9,2/9/1990,17:16:00,3,TX,48,2,1,0,0,0,-94.83,31.7,-94.5,31.82,25,100,Tornado,#008000
15,1990,3,14,3/14/1990,9:45:00,3,TX,48,3,0,0,5,0,-97.5,31.07,-97.35,31.1,9,50,Tornado,#FFAA00
16,1990,3,14,3/14/1990,9:45:00,3,TX,48,3,0,0,5,0,-97.5,31.07,-97.35,31.1,9,50,Tornado,#FFAA00
17,1990,3,14,3/14/1990,9:45:00,3,TX,48,3,0,0,5,0,-97.5,31.07,-97.35,31.1,9,50,Tornado,#FFAA00
18,1990,3,14,3/14/1990,9:45:00,3,TX,48,3,0,0,5,0,-97.5,31.07,-97.35,31.1,9,50,Tornado,#FFAA00
19,1990,3,14,3/14/1990,12:05:00,3,TX,48,2,0,0,0,0,-95.93,32.87,-95.88,32.92,4,50,Tornado,#008000
20,1990,3,14,3/14/1990,12:05:00,3,TX,48,2,0,0,0,0,-95.93,32.87,-95.88,32.92,4,50,Tornado,#008000
21,1990,4,15,4/15/1990,16:30:00,3,TX,48,2,0,0,6,0,-102.83,30.9,-102.8,30.95,3.5,250,Tornado,#008000
22,1990,4,24,4/24/1990,20:15:00,3,TX,48,1,0,0,3,0,-100.05,35.9,-100,35.9,3,130,Tornado,#0000FF
23,1990,4,24,4/24/1990,22:30:00,3,TX,48,1,1,0,3,0,-100.45,35.22,-100.38,35.27,3.5,140,Tornado,#0000FF
24,1990,4,24,4/24/1990,22:30:00,3,TX,48,1,1,0,3,0,-100.45,35.22,-100.38,35.27,3.5,140,Tornado,#0000FF
25,1990,4,24,4/24/1990,23:17:00,3,TX,48,1,0,0,4,0,-100.28,35.22,-100.22,35.23,4,250,Tornado,#0000FF
26,1990,4,25,4/25/1990,15:30:00,3,TX,48,2,0,0,0,0,-97.85,32.73,-97.83,32.78,4,300,Tornado,#008000
27,1990,4,25,4/25/1990,15:44:00,3,TX,48,4,0,0,6,0,-97.83,32.78,-97.75,32.9,10,880,Tornado,#FF0000
28,1990,4,25,4/25/1990,15:44:00,3,TX,48,4,0,0,6,0,-97.83,32.78,-97.75,32.9,10,880,Tornado,#FF0000
29,1990,4,25,4/25/1990,15:44:00,3,TX,48,4,0,0,6,0,-97.83,32.78,-97.75,32.9,10,880,Tornado,#FF0000
30,1990,4,25,4/25/1990,15:44:00,3,TX,48,4,0,0,6,0,-97.83,32.78,-97.75,32.9,10,880,Tornado,#FF0000
31,1990,4,25,4/25/1990,16:20:00,3,TX,48,2,0,0,0,0,-97.72,33.07,-97.67,33.08,5,100,Tornado,#008000
32,1990,4,25,4/25/1990,17:25:00,3,TX,48,2,0,0,7,0,-98.47,32.08,-98.42,32.13,4,50,Tornado,#008000
33,1990,4,25,4/25/1990,17:25:00,3,TX,48,2,0,0,7,0,-98.47,32.08,-98.42,32.13,4,50,Tornado,#008000
34,1990,4,25,4/25/1990,18:55:00,3,TX,48,1,0,0,0,0,-98.38,31.98,-98.37,32.02,2,50,Tornado,#0000FF
35,1990,4,25,4/25/1990,21:14:00,3,TX,48,1,0,0,0,0,-98.17,32.5,-98.13,32.57,4,50,Tornado,#0000FF
36,1990,4,25,4/25/1990,21:14:00,3,TX,48,1,0,0,0,0,-98.17,32.5,-98.13,32.57,4,50,Tornado,#0000FF
37,1990,4,27,4/27/1990,15:40:00,3,TX,48,3,0,0,6,0,-96.5,31.6,-96.45,31.63,4,100,Tornado,#FFAA00
38,1990,4,27,4/27/1990,19:05:00,3,TX,48,1,0,0,0,0,-93.98,31.78,-93.88,31.8,4,50,Tornado,#0000FF
39,1990,4,27,4/27/1990,19:05:00,3,TX,48,1,0,0,0,0,-93.98,31.78,-93.88,31.8,4,50,Tornado,#0000FF
40,1990,4,27,4/27/1990,19:05:00,3,TX,48,1,0,0,0,0,-93.98,31.78,-93.88,31.8,4,50,Tornado,#0000FF
41,1990,5,14,5/14/1990,18:10:00,3,TX,48,1,0,0,0,0,-99.97,33.42,-99.82,33.42,7,50,Tornado,#0000FF
42,1990,5,14,5/14/1990,18:10:00,3,TX,48,1,0,0,0,0,-99.97,33.42,-99.82,33.42,7,50,Tornado,#0000FF
43,1990,5,14,5/14/1990,18:10:00,3,TX,48,1,0,0,0,0,-99.97,33.42,-99.82,33.42,7,50,Tornado,#0000FF
44,1990,5,14,5/14/1990,18:10:00,3,TX,48,1,0,0,0,0,-99.97,33.42,-99.82,33.42,7,50,Tornado,#0000FF
45,1990,5,31,5/31/1990,15:30:00,3,TX,48,1,0,0,2,0,-100.97,36.07,-100.8,36.13,7,177,Tornado,#0000FF
46,1990,5,31,5/31/1990,15:30:00,3,TX,48,1,0,0,2,0,-100.97,36.07,-100.8,36.13,7,177,Tornado,#0000FF
47,1990,5,31,5/31/1990,15:30:00,3,TX,48,1,0,0,2,0,-100.97,36.07,-100.8,36.13,7,177,Tornado,#0000FF
48,1990,5,31,5/31/1990,15:30:00,3,TX,48,1,0,0,2,0,-100.97,36.07,-100.8,36.13,7,177,Tornado,#0000FF
49,1990,5,31,5/31/1990,15:30:00,3,TX,48,1,0,0,2,0,-100.97,36.07,-100.8,36.13,7,177,Tornado,#0000FF
50,1990,5,31,5/31/1990,17:41:00,3,TX,48,3,0,0,6,0,-101.05,36.17,-100.8,36.2,14,1407,Tornado,#FFAA00
51,1990,5,31,5/31/1990,17:41:00,3,TX,48,3,0,0,6,0,-101.05,36.17,-100.8,36.2,14,1407,Tornado,#FFAA00
52,1990,5,31,5/31/1990,17:41:00,3,TX,48,3,0,0,6,0,-101.05,36.17,-100.8,36.2,14,1407,Tornado,#FFAA00
53,1990,5,31,5/31/1990,17:41:00,3,TX,48,3,0,0,6,0,-101.05,36.17,-100.8,36.2,14,1407,Tornado,#FFAA00
54,1990,5,31,5/31/1990,17:41:00,3,TX,48,3,0,0,6,0,-101.05,36.17,-100.8,36.2,14,1407,Tornado,#FFAA00
55,1990,5,31,5/31/1990,17:41:00,3,TX,48,3,0,0,6,0,-101.05,36.17,-100.8,36.2,14,1407,Tornado,#FFAA00
56,1990,5,31,5/31/1990,17:41:00,3,TX,48,3,0,0,6,0,-101.05,36.17,-100.8,36.2,14,1407,Tornado,#FFAA00
57,1990,5,31,5/31/1990,19:15:00,3,TX,48,2,0,0,6,0,-101.3,36.17,-101.18,36.2,5.5,600,Tornado,#008000
58,1990,5,31,5/31/1990,19:15:00,3,TX,48,2,0,0,6,0,-101.3,36.17,-101.18,36.2,5.5,600,Tornado,#008000
59,1990,5,31,5/31/1990,19:15:00,3,TX,48,2,0,0,6,0,-101.3,36.17,-101.18,36.2,5.5,600,Tornado,#008000
60,1990,5,31,5/31/1990,21:45:00,3,TX,48,2,0,0,5,0,-100.97,36.08,-100.85,36.05,3,450,Tornado,#008000
61,1990,5,31,5/31/1990,21:45:00,3,TX,48,2,0,0,5,0,-100.97,36.08,-100.85,36.05,3,450,Tornado,#008000
62,1990,5,31,5/31/1990,21:45:00,3,TX,48,2,0,0,5,0,-100.97,36.08,-100.85,36.05,3,450,Tornado,#008000
63,1990,6,1,6/1/1990,16:20:00,3,TX,48,4,21,2,7,0,-102.35,31.08,-101.95,30.85,22,1233,Tornado,#FF0000
64,1990,6,1,6/1/1990,16:20:00,3,TX,48,4,21,2,7,0,-102.35,31.08,-101.95,30.85,22,1233,Tornado,#FF0000
65,1990,6,1,6/1/1990,16:20:00,3,TX,48,4,21,2,7,0,-102.35,31.08,-101.95,30.85,22,1233,Tornado,#FF0000
66,1990,6,1,6/1/1990,16:20:00,3,TX,48,4,21,2,7,0,-102.35,31.08,-101.95,30.85,22,1233,Tornado,#FF0000
67,1990,6,1,6/1/1990,16:20:00,3,TX,48,4,21,2,7,0,-102.35,31.08,-101.95,30.85,22,1233,Tornado,#FF0000
68,1990,6,1,6/1/1990,16:20:00,3,TX,48,4,21,2,7,0,-102.35,31.08,-101.95,30.85,22,1233,Tornado,#FF0000
69,1990,6,1,6/1/1990,16:20:00,3,TX,48,4,21,2,7,0,-102.35,31.08,-101.95,30.85,22,1233,Tornado,#FF0000
70,1990,6,1,6/1/1990,16:20:00,3,TX,48,4,21,2,7,0,-102.35,31.08,-101.95,30.85,22,1233,Tornado,#FF0000
71,1990,6,1,6/1/1990,16:20:00,3,TX,48,4,21,2,7,0,-102.35,31.08,-101.95,30.85,22,1233,Tornado,#FF0000
72,1990,6,1,6/1/1990,16:20:00,3,TX,48,4,21,2,7,0,-102.35,31.08,-101.95,30.85,22,1233,Tornado,#FF0000
73,1990,6,1,6/1/1990,16:20:00,3,TX,48,4,21,2,7,0,-102.35,31.08,-101.95,30.85,22,1233,Tornado,#FF0000
74,1990,6,1,6/1/1990,16:20:00,3,TX,48,4,21,2,7,0,-102.35,31.08,-101.95,30.85,22,1233,Tornado,#FF0000
75,1990,6,1,6/1/1990,16:20:00,3,TX,48,4,21,2,7,0,-102.35,31.08,-101.95,30.85,22,1233,Tornado,#FF0000
76,1991,1,14,1/14/1991,18:14:00,3,TX,48,2,0,0,5,0,-97.2,29.98,-97.13,30.03,5,60,Tornado,#008000
77,1991,1,14,1/14/1991,18:14:00,3,TX,48,2,0,0,5,0,-97.2,29.98,-97.13,30.03,5,60,Tornado,#008000
78,1991,2,18,2/18/1991,13:30:00,3,TX,48,2,0,0,5,0,-94.08,32.37,-94.07,32.43,4,300,Tornado,#008000
79,1991,2,19,2/19/1991,2:45:00,3,TX,48,3,0,0,6,0,-94.25,31.5,-94.15,31.55,5,300,Tornado,#FFAA00
80,1991,2,19,2/19/1991,2:45:00,3,TX,48,3,0,0,6,0,-94.25,31.5,-94.15,31.55,5,300,Tornado,#FFAA00
81,1991,2,19,2/19/1991,2:45:00,3,TX,48,3,0,0,6,0,-94.25,31.5,-94.15,31.55,5,300,Tornado,#FFAA00
82,1991,2,19,2/19/1991,2:55:00,3,TX,48,2,0,0,5,0,-94.15,31.53,-94.05,31.58,5,200,Tornado,#008000
83,1991,2,19,2/19/1991,2:55:00,3,TX,48,2,0,0,5,0,-94.15,31.53,-94.05,31.58,5,200,Tornado,#008000
84,1991,2,19,2/19/1991,2:55:00,3,TX,48,2,0,0,5,0,-94.15,31.53,-94.05,31.58,5,200,Tornado,#008000
85,1991,4,12,4/12/1991,16:40:00,3,TX,48,2,0,0,5,0,-97.75,32.28,-97.7,32.28,2,100,Tornado,#008000
86,1991,4,12,4/12/1991,16:55:00,3,TX,48,2,0,0,0,0,-97.75,32.25,-97.67,32.23,3,150,Tornado,#008000
87,1991,4,12,4/12/1991,16:55:00,3,TX,48,2,0,0,0,0,-97.75,32.25,-97.67,32.23,3,150,Tornado,#008000
88,1991,4,13,4/13/1991,12:10:00,3,TX,48,2,0,0,5,0,-95.22,33.63,-95.08,33.72,12,100,Tornado,#008000
89,1991,4,13,4/13/1991,12:10:00,3,TX,48,2,0,0,5,0,-95.22,33.63,-95.08,33.72,12,100,Tornado,#008000
90,1991,4,13,4/13/1991,12:10:00,3,TX,48,2,0,0,5,0,-95.22,33.63,-95.08,33.72,12,100,Tornado,#008000
91,1991,4,13,4/13/1991,12:10:00,3,TX,48,2,0,0,5,0,-95.22,33.63,-95.08,33.72,12,100,Tornado,#008000
92,1991,4,24,4/24/1991,14:20:00,3,TX,48,2,0,0,4,0,-100.75,33.3,-100.58,33.3,12.1,350,Tornado,#008000
93,1991,4,24,4/24/1991,14:20:00,3,TX,48,2,0,0,4,0,-100.75,33.3,-100.58,33.3,12.1,350,Tornado,#008000
94,1991,4,24,4/24/1991,14:20:00,3,TX,48,2,0,0,4,0,-100.75,33.3,-100.58,33.3,12.1,350,Tornado,#008000
95,1991,4,24,4/24/1991,14:20:00,3,TX,48,2,0,0,4,0,-100.75,33.3,-100.58,33.3,12.1,350,Tornado,#008000
96,1991,4,24,4/24/1991,14:20:00,3,TX,48,2,0,0,4,0,-100.75,33.3,-100.58,33.3,12.1,350,Tornado,#008000
97,1991,4,24,4/24/1991,15:50:00,3,TX,48,3,1,0,5,0,-99.77,33.15,-99.7,33.2,3.5,200,Tornado,#FFAA00
98,1991,4,24,4/24/1991,15:50:00,3,TX,48,3,1,0,5,0,-99.77,33.15,-99.7,33.2,3.5,200,Tornado,#FFAA00
99,1991,4,26,4/26/1991,18:11:00,3,TX,48,3,1,0,5,0,-95.3,32.05,-95.25,32.08,3,200,Tornado,#FFAA00
100,1991,4,26,4/26/1991,18:40:00,3,TX,48,2,0,0,4,0,-95.02,32.18,-94.95,32.18,3,100,Tornado,#008000
101,1991,4,26,4/26/1991,18:40:00,3,TX,48,2,0,0,4,0,-95.02,32.18,-94.95,32.18,3,100,Tornado,#008000
102,1991,4,27,4/27/1991,14:50:00,3,TX,48,1,0,0,3,0,-94.38,33.07,-94.3,33.08,3,220,Tornado,#0000FF
103,1991,4,27,4/27/1991,14:50:00,3,TX,48,1,0,0,3,0,-94.38,33.07,-94.3,33.08,3,220,Tornado,#0000FF
104,1991,5,4,5/4/1991,18:18:00,3,TX,48,1,0,0,5,0,-97.15,29.32,-97.07,29.33,5,30,Tornado,#0000FF
105,1991,5,4,5/4/1991,18:18:00,3,TX,48,1,0,0,5,0,-97.15,29.32,-97.07,29.33,5,30,Tornado,#0000FF
106,1991,5,7,5/7/1991,16:04:00,3,TX,48,0,0,0,1,0,-102.07,33.68,-101.98,33.73,3.5,80,Tornado,#888888
107,1991,5,7,5/7/1991,16:04:00,3,TX,48,0,0,0,1,0,-102.07,33.68,-101.98,33.73,3.5,80,Tornado,#888888
108,1991,5,7,5/7/1991,16:04:00,3,TX,48,0,0,0,1,0,-102.07,33.68,-101.98,33.73,3.5,80,Tornado,#888888
109,1991,5,7,5/7/1991,16:08:00,3,TX,48,0,0,0,0,0,-102.03,33.8,-102,33.83,2.6,60,Tornado,#888888
110,1991,5,7,5/7/1991,18:25:00,3,TX,48,2,0,0,5,0,-101.85,32.47,-101.77,32.5,3.5,120,Tornado,#008000
111,1991,5,7,5/7/1991,18:25:00,3,TX,48,2,0,0,5,0,-101.85,32.47,-101.77,32.5,3.5,120,Tornado,#008000
112,1991,5,10,5/10/1991,18:22:00,3,TX,48,3,0,0,5,0,-102.57,33.83,-102.65,33.92,8.5,450,Tornado,#FFAA00
113,1991,5,10,5/10/1991,18:22:00,3,TX,48,3,0,0,5,0,-102.57,33.83,-102.65,33.92,8.5,450,Tornado,#FFAA00
114,1991,5,10,5/10/1991,18:22:00,3,TX,48,3,0,0,5,0,-102.57,33.83,-102.65,33.92,8.5,450,Tornado,#FFAA00
115,1991,5,10,5/10/1991,18:42:00,3,TX,48,2,1,0,5,0,-102.67,34.42,-102.62,34.45,3,100,Tornado,#008000
116,1991,5,10,5/10/1991,19:20:00,3,TX,48,1,0,0,3,0,-102.45,36.13,-102.42,36.25,7,160,Tornado,#0000FF
117,1991,5,10,5/10/1991,19:20:00,3,TX,48,1,0,0,3,0,-102.45,36.13,-102.42,36.25,7,160,Tornado,#0000FF
118,1991,5,10,5/10/1991,19:20:00,3,TX,48,1,0,0,3,0,-102.45,36.13,-102.42,36.25,7,160,Tornado,#0000FF
119,1991,5,11,5/11/1991,20:52:00,3,TX,48,1,2,0,5,0,-101.7,34.13,-101.7,34.2,3.5,80,Tornado,#0000FF
120,1991,5,11,5/11/1991,20:52:00,3,TX,48,1,2,0,5,0,-101.7,34.13,-101.7,34.2,3.5,80,Tornado,#0000FF
121,1991,5,15,5/15/1991,20:17:00,3,TX,48,3,0,0,5,0,-100.25,35.07,-100.02,35.23,15,450,Tornado,#FFAA00
122,1991,5,15,5/15/1991,20:17:00,3,TX,48,3,0,0,5,0,-100.25,35.07,-100.02,35.23,15,450,Tornado,#FFAA00
123,1991,5,15,5/15/1991,20:17:00,3,TX,48,3,0,0,5,0,-100.25,35.07,-100.02,35.23,15,450,Tornado,#FFAA00
124,1991,5,15,5/15/1991,20:17:00,3,TX,48,3,0,0,5,0,-100.25,35.07,-100.02,35.23,15,450,Tornado,#FFAA00
125,1991,5,15,5/15/1991,20:17:00,3,TX,48,3,0,0,5,0,-100.25,35.07,-100.02,35.23,15,450,Tornado,#FFAA00
126,1991,5,15,5/15/1991,20:17:00,3,TX,48,3,0,0,5,0,-100.25,35.07,-100.02,35.23,15,450,Tornado,#FFAA00
127,1991,5,15,5/15/1991,20:17:00,3,TX,48,3,0,0,5,0,-100.25,35.07,-100.02,35.23,15,450,Tornado,#FFAA00
128,1991,5,15,5/15/1991,20:17:00,3,TX,48,3,0,0,5,0,-100.25,35.07,-100.02,35.23,15,450,Tornado,#FFAA00
129,1991,6,5,6/5/1991,14:55:00,3,TX,48,1,0,0,0,0,-102.03,34.53,-101.98,34.53,2,150,Tornado,#0000FF
130,1991,6,14,6/14/1991,20:20:00,3,TX,48,1,0,0,3,0,-100.68,32.55,-100.62,32.57,4.5,50,Tornado,#0000FF
131,1991,10,27,10/27/1991,17:06:00,3,TX,48,1,0,0,1,0,-102.13,32.72,-102.13,32.78,4,120,Tornado,#0000FF
132,1991,11,19,11/19/1991,11:20:00,3,TX,48,2,0,0,5,0,-95.35,32.43,-95.28,32.48,7,150,Tornado,#008000
133,1991,11,19,11/19/1991,11:20:00,3,TX,48,2,0,0,5,0,-95.35,32.43,-95.28,32.48,7,150,Tornado,#008000
134,1992,3,16,3/16/1992,15:58:00,3,TX,48,0,0,0,0,0,-101.58,33.63,-101.53,33.62,4,30,Tornado,#888888
135,1992,3,27,3/27/1992,18:35:00,3,TX,48,2,0,0,6,0,-103.03,34.4,-102.9,34.5,10,60,Tornado,#008000
136,1992,3,27,3/27/1992,18:35:00,3,TX,48,2,0,0,6,0,-103.03,34.4,-102.9,34.5,10,60,Tornado,#008000
137,1992,3,27,3/27/1992,18:35:00,3,TX,48,2,0,0,6,0,-103.03,34.4,-102.9,34.5,10,60,Tornado,#008000
138,1992,3,27,3/27/1992,18:35:00,3,TX,48,2,0,0,6,0,-103.03,34.4,-102.9,34.5,10,60,Tornado,#008000
139,1992,4,16,4/16/1992,17:01:00,3,TX,48,1,0,0,3,0,-101.32,35.67,-101.38,35.65,3,50,Tornado,#0000FF
140,1992,5,11,5/11/1992,19:50:00,3,TX,48,1,0,0,4,0,-96,32.78,-95.92,32.82,4,150,Tornado,#0000FF
141,1992,5,11,5/11/1992,19:50:00,3,TX,48,1,0,0,4,0,-96,32.78,-95.92,32.82,4,150,Tornado,#0000FF
142,1992,5,11,5/11/1992,20:00:00,3,TX,48,2,0,0,4,0,-95.78,33.05,-95.63,33.12,4,400,Tornado,#008000
143,1992,5,11,5/11/1992,20:00:00,3,TX,48,2,0,0,4,0,-95.78,33.05,-95.63,33.12,4,400,Tornado,#008000
144,1992,5,11,5/11/1992,20:00:00,3,TX,48,2,0,0,4,0,-95.78,33.05,-95.63,33.12,4,400,Tornado,#008000
145,1992,5,11,5/11/1992,20:00:00,3,TX,48,2,0,0,4,0,-95.78,33.05,-95.63,33.12,4,400,Tornado,#008000
146,1992,5,18,5/18/1992,12:20:00,3,TX,48,1,0,0,4,0,-97.53,27.9,-97.58,27.93,3,40,Tornado,#0000FF
147,1992,5,20,5/20/1992,12:04:00,3,TX,48,1,0,0,3,0,-102.18,34.15,-102.17,34.2,4.5,100,Tornado,#0000FF
148,1992,5,22,5/22/1992,14:06:00,3,TX,48,2,0,0,0,0,-103.8,31.73,-103.75,31.77,5,400,Tornado,#008000
149,1992,5,24,5/24/1992,6:32:00,3,TX,48,1,0,0,3,0,-102.45,31.15,-102.38,31.18,8,150,Tornado,#0000FF
150,1992,5,24,5/24/1992,6:32:00,3,TX,48,1,0,0,3,0,-102.45,31.15,-102.38,31.18,8,150,Tornado,#0000FF
151,1992,5,27,5/27/1992,18:10:00,3,TX,48,1,0,0,3,0,-102.12,33.93,-102.05,33.97,5,120,Tornado,#0000FF
152,1992,5,27,5/27/1992,18:10:00,3,TX,48,1,0,0,3,0,-102.12,33.93,-102.05,33.97,5,120,Tornado,#0000FF
153,1992,6,1,6/1/1992,13:04:00,3,TX,48,1,0,0,0,0,-102.52,30.25,-102.42,30.17,8,50,Tornado,#0000FF
154,1992,6,1,6/1/1992,13:04:00,3,TX,48,1,0,0,0,0,-102.52,30.25,-102.42,30.17,8,50,Tornado,#0000FF
155,1992,6,1,6/1/1992,13:04:00,3,TX,48,1,0,0,0,0,-102.52,30.25,-102.42,30.17,8,50,Tornado,#0000FF
156,1992,6,8,6/8/1992,21:37:00,3,TX,48,1,0,0,0,0,-102.37,31.13,-102.3,31.13,4,60,Tornado,#0000FF
157,1992,6,8,6/8/1992,21:37:00,3,TX,48,1,0,0,0,0,-102.37,31.13,-102.3,31.13,4,60,Tornado,#0000FF
158,1992,6,13,6/13/1992,18:00:00,3,TX,48,0,0,0,0,0,-102.2,33.3,-102.1,33.3,3.5,80,Tornado,#888888
159,1992,6,13,6/13/1992,18:00:00,3,TX,48,0,0,0,0,0,-102.2,33.3,-102.1,33.3,3.5,80,Tornado,#888888
160,1992,6,27,6/27/1992,17:37:00,3,TX,48,3,0,0,5,0,-101.95,35.7,-101.85,35.72,5,300,Tornado,#FFAA00
161,1992,6,27,6/27/1992,17:37:00,3,TX,48,3,0,0,5,0,-101.95,35.7,-101.85,35.72,5,300,Tornado,#FFAA00
162,1992,6,27,6/27/1992,17:37:00,3,TX,48,3,0,0,5,0,-101.95,35.7,-101.85,35.72,5,300,Tornado,#FFAA00
163,1992,6,27,6/27/1992,18:31:00,3,TX,48,4,7,0,7,0,-101.73,35.68,-101.48,35.53,20,1583,Tornado,#FF0000
164,1992,6,27,6/27/1992,18:31:00,3,TX,48,4,7,0,7,0,-101.73,35.68,-101.48,35.53,20,1583,Tornado,#FF0000
165,1992,6,27,6/27/1992,18:31:00,3,TX,48,4,7,0,7,0,-101.73,35.68,-101.48,35.53,20,1583,Tornado,#FF0000
166,1992,6,27,6/27/1992,18:31:00,3,TX,48,4,7,0,7,0,-101.73,35.68,-101.48,35.53,20,1583,Tornado,#FF0000
167,1992,6,27,6/27/1992,18:31:00,3,TX,48,4,7,0,7,0,-101.73,35.68,-101.48,35.53,20,1583,Tornado,#FF0000
168,1992,6,27,6/27/1992,18:31:00,3,TX,48,4,7,0,7,0,-101.73,35.68,-101.48,35.53,20,1583,Tornado,#FF0000
169,1992,6,27,6/27/1992,18:31:00,3,TX,48,4,7,0,7,0,-101.73,35.68,-101.48,35.53,20,1583,Tornado,#FF0000
170,1992,6,27,6/27/1992,18:31:00,3,TX,48,4,7,0,7,0,-101.73,35.68,-101.48,35.53,20,1583,Tornado,#FF0000
171,1992,6,27,6/27/1992,19:06:00,3,TX,48,2,0,0,6,0,-101.58,35.63,-101.52,35.6,4,150,Tornado,#008000
172,1992,11,21,11/21/1992,14:20:00,3,TX,48,2,11,0,7,0,-95.8,29.68,-95.6,29.97,25,200,Tornado,#008000
173,1992,11,21,11/21/1992,14:20:00,3,TX,48,2,11,0,7,0,-95.8,29.68,-95.6,29.97,25,200,Tornado,#008000
174,1992,11,21,11/21/1992,14:20:00,3,TX,48,2,11,0,7,0,-95.8,29.68,-95.6,29.97,25,200,Tornado,#008000
175,1992,11,21,11/21/1992,14:20:00,3,TX,48,2,11,0,7,0,-95.8,29.68,-95.6,29.97,25,200,Tornado,#008000
176,1992,11,21,11/21/1992,14:20:00,3,TX,48,2,11,0,7,0,-95.8,29.68,-95.6,29.97,25,200,Tornado,#008000
177,1992,11,21,11/21/1992,14:20:00,3,TX,48,2,11,0,7,0,-95.8,29.68,-95.6,29.97,25,200,Tornado,#008000
178,1992,11,21,11/21/1992,14:20:00,3,TX,48,2,11,0,7,0,-95.8,29.68,-95.6,29.97,25,200,Tornado,#008000
179,1992,11,21,11/21/1992,14:20:00,3,TX,48,2,11,0,7,0,-95.8,29.68,-95.6,29.97,25,200,Tornado,#008000
180,1992,11,21,11/21/1992,14:20:00,3,TX,48,2,11,0,7,0,-95.8,29.68,-95.6,29.97,25,200,Tornado,#008000
181,1992,11,21,11/21/1992,14:20:00,3,TX,48,2,11,0,7,0,-95.8,29.68,-95.6,29.97,25,200,Tornado,#008000
182,1992,11,21,11/21/1992,15:10:00,3,TX,48,1,0,0,5,0,-95.28,29.57,-95.28,29.62,2.5,200,Tornado,#0000FF
183,1992,11,21,11/21/1992,15:20:00,3,TX,48,3,1,0,7,0,-95.08,30.02,-94.78,30.45,32,300,Tornado,#FFAA00
184,1992,11,21,11/21/1992,15:20:00,3,TX,48,3,1,0,7,0,-95.08,30.02,-94.78,30.45,32,300,Tornado,#FFAA00
185,1992,11,21,11/21/1992,15:20:00,3,TX,48,3,1,0,7,0,-95.08,30.02,-94.78,30.45,32,300,Tornado,#FFAA00
186,1992,11,21,11/21/1992,15:20:00,3,TX,48,3,1,0,7,0,-95.08,30.02,-94.78,30.45,32,300,Tornado,#FFAA00
187,1992,11,21,11/21/1992,15:20:00,3,TX,48,3,1,0,7,0,-95.08,30.02,-94.78,30.45,32,300,Tornado,#FFAA00
188,1992,11,21,11/21/1992,15:20:00,3,TX,48,3,1,0,7,0,-95.08,30.02,-94.78,30.45,32,300,Tornado,#FFAA00
189,1992,11,21,11/21/1992,15:20:00,3,TX,48,3,1,0,7,0,-95.08,30.02,-94.78,30.45,32,300,Tornado,#FFAA00
190,1992,11,21,11/21/1992,15:20:00,3,TX,48,3,1,0,7,0,-95.08,30.02,-94.78,30.45,32,300,Tornado,#FFAA00
191,1992,11,21,11/21/1992,15:20:00,3,TX,48,3,1,0,7,0,-95.08,30.02,-94.78,30.45,32,300,Tornado,#FFAA00
192,1992,11,21,11/21/1992,15:20:00,3,TX,48,3,1,0,7,0,-95.08,30.02,-94.78,30.45,32,300,Tornado,#FFAA00
193,1992,11,21,11/21/1992,15:20:00,3,TX,48,3,1,0,7,0,-95.08,30.02,-94.78,30.45,32,300,Tornado,#FFAA00
194,1992,11,21,11/21/1992,15:20:00,3,TX,48,3,1,0,7,0,-95.08,30.02,-94.78,30.45,32,300,Tornado,#FFAA00
195,1992,11,21,11/21/1992,15:20:00,3,TX,48,3,1,0,7,0,-95.08,30.02,-94.78,30.45,32,300,Tornado,#FFAA00
196,1992,11,21,11/21/1992,15:20:00,3,TX,48,3,1,0,7,0,-95.08,30.02,-94.78,30.45,32,300,Tornado,#FFAA00
197,1992,11,21,11/21/1992,15:20:00,3,TX,48,3,1,0,7,0,-95.08,30.02,-94.78,30.45,32,300,Tornado,#FFAA00
198,1992,11,21,11/21/1992,15:20:00,3,TX,48,2,6,0,7,0,-95.38,29.7,-95.25,29.78,12,200,Tornado,#008000
199,1992,11,21,11/21/1992,15:20:00,3,TX,48,2,6,0,7,0,-95.38,29.7,-95.25,29.78,12,200,Tornado,#008000
200,1992,11,21,11/21/1992,15:20:00,3,TX,48,2,6,0,7,0,-95.38,29.7,-95.25,29.78,12,200,Tornado,#008000
201,1992,11,21,11/21/1992,15:20:00,3,TX,48,2,6,0,7,0,-95.38,29.7,-95.25,29.78,12,200,Tornado,#008000
202,1992,11,21,11/21/1992,15:27:00,3,TX,48,4,16,0,8,0,-95.28,29.73,-94.9,30.08,30,1800,Tornado,#FF0000
203,1992,11,21,11/21/1992,15:27:00,3,TX,48,4,16,0,8,0,-95.28,29.73,-94.9,30.08,30,1800,Tornado,#FF0000
204,1992,11,21,11/21/1992,15:27:00,3,TX,48,4,16,0,8,0,-95.28,29.73,-94.9,30.08,30,1800,Tornado,#FF0000
205,1992,11,21,11/21/1992,15:27:00,3,TX,48,4,16,0,8,0,-95.28,29.73,-94.9,30.08,30,1800,Tornado,#FF0000
206,1992,11,21,11/21/1992,15:27:00,3,TX,48,4,16,0,8,0,-95.28,29.73,-94.9,30.08,30,1800,Tornado,#FF0000
207,1992,11,21,11/21/1992,15:27:00,3,TX,48,4,16,0,8,0,-95.28,29.73,-94.9,30.08,30,1800,Tornado,#FF0000
208,1992,11,21,11/21/1992,15:27:00,3,TX,48,4,16,0,8,0,-95.28,29.73,-94.9,30.08,30,1800,Tornado,#FF0000
209,1992,11,21,11/21/1992,15:27:00,3,TX,48,4,16,0,8,0,-95.28,29.73,-94.9,30.08,30,1800,Tornado,#FF0000
210,1992,11,21,11/21/1992,15:27:00,3,TX,48,4,16,0,8,0,-95.28,29.73,-94.9,30.08,30,1800,Tornado,#FF0000
211,1992,11,21,11/21/1992,15:27:00,3,TX,48,4,16,0,8,0,-95.28,29.73,-94.9,30.08,30,1800,Tornado,#FF0000
212,1992,11,21,11/21/1992,15:27:00,3,TX,48,4,16,0,8,0,-95.28,29.73,-94.9,30.08,30,1800,Tornado,#FF0000
213,1992,11,21,11/21/1992,15:27:00,3,TX,48,4,16,0,8,0,-95.28,29.73,-94.9,30.08,30,1800,Tornado,#FF0000
214,1992,11,21,11/21/1992,15:27:00,3,TX,48,4,16,0,8,0,-95.28,29.73,-94.9,30.08,30,1800,Tornado,#FF0000
215,1992,11,21,11/21/1992,15:27:00,3,TX,48,4,16,0,8,0,-95.28,29.73,-94.9,30.08,30,1800,Tornado,#FF0000
216,1992,11,21,11/21/1992,15:27:00,3,TX,48,4,16,0,8,0,-95.28,29.73,-94.9,30.08,30,1800,Tornado,#FF0000
217,1992,11,21,11/21/1992,16:15:00,3,TX,48,1,0,0,4,0,-95.02,29.93,-94.97,29.98,4,200,Tornado,#0000FF
218,1992,11,21,11/21/1992,16:15:00,3,TX,48,1,0,0,4,0,-95.02,29.93,-94.97,29.98,4,200,Tornado,#0000FF
219,1993,4,14,4/14/1993,2:05:00,3,TX,48,1,0,0,5,0,-99.67,32.32,-99.6,32.38,5,150,Tornado,#0000FF
220,1993,4,14,4/14/1993,2:05:00,3,TX,48,1,0,0,5,0,-99.67,32.32,-99.6,32.38,5,150,Tornado,#0000FF
221,1993,5,8,5/8/1993,13:57:00,3,TX,48,0,0,0,0,0,-99.27,33.48,-99.13,33.52,8,80,Tornado,#888888
222,1993,5,8,5/8/1993,13:57:00,3,TX,48,0,0,0,0,0,-99.27,33.48,-99.13,33.52,8,80,Tornado,#888888
223,1993,5,8,5/8/1993,13:57:00,3,TX,48,0,0,0,0,0,-99.27,33.48,-99.13,33.52,8,80,Tornado,#888888
224,1993,5,8,5/8/1993,13:57:00,3,TX,48,0,0,0,0,0,-99.27,33.48,-99.13,33.52,8,80,Tornado,#888888
225,1993,5,8,5/8/1993,17:42:00,3,TX,48,1,0,0,5,0,-98.43,33.67,-98.35,33.67,8,90,Tornado,#0000FF
226,1993,5,8,5/8/1993,17:42:00,3,TX,48,1,0,0,5,0,-98.43,33.67,-98.35,33.67,8,90,Tornado,#0000FF
227,1993,5,9,5/9/1993,12:30:00,3,TX,48,2,63,1,6,0,-96.57,32.98,-96.53,33.1,12,100,Tornado,#008000
228,1993,5,9,5/9/1993,12:30:00,3,TX,48,2,63,1,6,0,-96.57,32.98,-96.53,33.1,12,100,Tornado,#008000
229,1993,5,9,5/9/1993,12:30:00,3,TX,48,2,63,1,6,0,-96.57,32.98,-96.53,33.1,12,100,Tornado,#008000
230,1993,5,9,5/9/1993,13:20:00,3,TX,48,1,0,0,4,0,-96.45,32.7,-96.18,32.85,19,100,Tornado,#0000FF
231,1993,5,9,5/9/1993,13:20:00,3,TX,48,1,0,0,4,0,-96.45,32.7,-96.18,32.85,19,100,Tornado,#0000FF
232,1993,5,9,5/9/1993,13:20:00,3,TX,48,1,0,0,4,0,-96.45,32.7,-96.18,32.85,19,100,Tornado,#0000FF
233,1993,5,9,5/9/1993,13:20:00,3,TX,48,1,0,0,4,0,-96.45,32.7,-96.18,32.85,19,100,Tornado,#0000FF
234,1993,5,9,5/9/1993,13:20:00,3,TX,48,1,0,0,4,0,-96.45,32.7,-96.18,32.85,19,100,Tornado,#0000FF
235,1993,5,9,5/9/1993,13:20:00,3,TX,48,1,0,0,4,0,-96.45,32.7,-96.18,32.85,19,100,Tornado,#0000FF
236,1993,5,9,5/9/1993,13:20:00,3,TX,48,1,0,0,4,0,-96.45,32.7,-96.18,32.85,19,100,Tornado,#0000FF
237,1993,5,9,5/9/1993,13:20:00,3,TX,48,1,0,0,4,0,-96.45,32.7,-96.18,32.85,19,100,Tornado,#0000FF
238,1993,5,9,5/9/1993,13:20:00,3,TX,48,1,0,0,4,0,-96.45,32.7,-96.18,32.85,19,100,Tornado,#0000FF
239,1993,5,9,5/9/1993,13:51:00,3,TX,48,0,0,0,0,0,-97.2,32.1,-97.15,32.17,5,100,Tornado,#888888
240,1993,5,9,5/9/1993,13:51:00,3,TX,48,0,0,0,0,0,-97.2,32.1,-97.15,32.17,5,100,Tornado,#888888
241,1993,5,9,5/9/1993,16:45:00,3,TX,48,1,0,0,4,0,-94.62,33.5,-94.57,33.53,3,100,Tornado,#0000FF
242,1993,9,13,9/13/1993,6:10:00,3,TX,48,1,2,0,7,0,-97.48,32.28,-97.37,32.42,13,150,Tornado,#0000FF
243,1993,9,13,9/13/1993,6:10:00,3,TX,48,1,2,0,7,0,-97.48,32.28,-97.37,32.42,13,150,Tornado,#0000FF
244,1993,9,13,9/13/1993,6:10:00,3,TX,48,1,2,0,7,0,-97.48,32.28,-97.37,32.42,13,150,Tornado,#0000FF
245,1993,9,13,9/13/1993,6:10:00,3,TX,48,1,2,0,7,0,-97.48,32.28,-97.37,32.42,13,150,Tornado,#0000FF
246,1993,9,13,9/13/1993,6:10:00,3,TX,48,1,2,0,7,0,-97.48,32.28,-97.37,32.42,13,150,Tornado,#0000FF
247,1993,9,13,9/13/1993,7:10:00,3,TX,48,2,0,0,6,0,-97.23,32.57,-97.18,32.7,8,100,Tornado,#008000
248,1993,9,13,9/13/1993,7:10:00,3,TX,48,2,0,0,6,0,-97.23,32.57,-97.18,32.7,8,100,Tornado,#008000
249,1993,9,13,9/13/1993,7:10:00,3,TX,48,2,0,0,6,0,-97.23,32.57,-97.18,32.7,8,100,Tornado,#008000
250,1993,9,13,9/13/1993,7:10:00,3,TX,48,2,0,0,6,0,-97.23,32.57,-97.18,32.7,8,100,Tornado,#008000
251,1993,9,13,9/13/1993,8:00:00,3,TX,48,1,0,0,5,0,-97.32,32.9,-97.32,32.97,6,80,Tornado,#0000FF
252,1993,9,13,9/13/1993,8:00:00,3,TX,48,1,0,0,5,0,-97.32,32.9,-97.32,32.97,6,80,Tornado,#0000FF
253,1993,9,13,9/13/1993,8:23:00,3,TX,48,1,0,0,5,0,-96.95,33.03,-96.92,33.18,13,100,Tornado,#0000FF
254,1993,9,13,9/13/1993,8:23:00,3,TX,48,1,0,0,5,0,-96.95,33.03,-96.92,33.18,13,100,Tornado,#0000FF
255,1993,9,13,9/13/1993,8:23:00,3,TX,48,1,0,0,5,0,-96.95,33.03,-96.92,33.18,13,100,Tornado,#0000FF
256,1993,9,13,9/13/1993,8:23:00,3,TX,48,1,0,0,5,0,-96.95,33.03,-96.92,33.18,13,100,Tornado,#0000FF
257,1993,9,13,9/13/1993,13:00:00,3,TX,48,1,0,0,5,0,-97.05,31.57,-97.1,31.62,6,100,Tornado,#0000FF
258,1993,9,13,9/13/1993,13:00:00,3,TX,48,1,0,0,5,0,-97.05,31.57,-97.1,31.62,6,100,Tornado,#0000FF
259,1993,10,12,10/12/1993,17:12:00,3,TX,48,1,0,0,0,0,-99.13,33.55,-99.05,33.48,7,40,Tornado,#0000FF
260,1993,10,12,10/12/1993,17:12:00,3,TX,48,1,0,0,0,0,-99.13,33.55,-99.05,33.48,7,40,Tornado,#0000FF
261,1993,10,12,10/12/1993,17:12:00,3,TX,48,1,0,0,0,0,-99.13,33.55,-99.05,33.48,7,40,Tornado,#0000FF
262,1993,10,18,10/18/1993,17:40:00,3,TX,48,2,0,0,5,0,-95.62,32.83,-95.62,32.87,10,100,Tornado,#008000
263,1993,10,18,10/18/1993,17:43:00,3,TX,48,1,0,0,4,0,-95.33,32.9,-95.27,32.97,5,100,Tornado,#0000FF
264,1993,10,18,10/18/1993,17:43:00,3,TX,48,1,0,0,4,0,-95.33,32.9,-95.27,32.97,5,100,Tornado,#0000FF
265,1993,10,20,10/20/1993,2:25:00,3,TX,48,1,0,0,5,0,-95.5,31.87,-95.4,31.95,7,100,Tornado,#0000FF
266,1993,10,20,10/20/1993,2:25:00,3,TX,48,1,0,0,5,0,-95.5,31.87,-95.4,31.95,7,100,Tornado,#0000FF
267,1993,10,20,10/20/1993,2:25:00,3,TX,48,1,0,0,5,0,-95.5,31.87,-95.4,31.95,7,100,Tornado,#0000FF
268,1993,11,16,11/16/1993,10:35:00,3,TX,48,0,0,0,0,0,-95.05,30.03,-95,30.08,2,100,Tornado,#888888
269,1993,11,16,11/16/1993,10:35:00,3,TX,48,0,0,0,0,0,-95.05,30.03,-95,30.08,2,100,Tornado,#888888
270,1994,4,15,4/15/1994,15:56:00,3,TX,48,2,20,1,4,0,-95.15,29.95,-95.05,29.95,5,300,Tornado,#008000
271,1994,4,15,4/15/1994,15:56:00,3,TX,48,2,20,1,4,0,-95.15,29.95,-95.05,29.95,5,300,Tornado,#008000
272,1994,4,25,4/25/1994,20:30:00,3,TX,48,4,48,3,8,0,-96.75,32.6,-96.67,32.67,6,800,Tornado,#FF0000
273,1994,4,25,4/25/1994,20:30:00,3,TX,48,4,48,3,8,0,-96.75,32.6,-96.67,32.67,6,800,Tornado,#FF0000
274,1994,4,25,4/25/1994,20:30:00,3,TX,48,4,48,3,8,0,-96.75,32.6,-96.67,32.67,6,800,Tornado,#FF0000
275,1994,4,26,4/26/1994,12:05:00,3,TX,48,2,0,0,5,0,-98.62,33.45,-98.5,33.52,9.5,150,Tornado,#008000
276,1994,4,26,4/26/1994,12:05:00,3,TX,48,2,0,0,5,0,-98.62,33.45,-98.5,33.52,9.5,150,Tornado,#008000
277,1994,4,26,4/26/1994,12:05:00,3,TX,48,2,0,0,5,0,-98.62,33.45,-98.5,33.52,9.5,150,Tornado,#008000
278,1994,4,26,4/26/1994,12:05:00,3,TX,48,2,0,0,5,0,-98.62,33.45,-98.5,33.52,9.5,150,Tornado,#008000
279,1994,4,26,4/26/1994,14:30:00,3,TX,48,1,0,0,5,0,-97.57,33.68,-97.52,33.75,5,200,Tornado,#0000FF
280,1994,4,26,4/26/1994,14:30:00,3,TX,48,1,0,0,5,0,-97.57,33.68,-97.52,33.75,5,200,Tornado,#0000FF
281,1994,4,26,4/26/1994,14:45:00,3,TX,48,2,8,0,7,0,-97.27,33.53,-97.03,33.73,16,200,Tornado,#008000
282,1994,4,26,4/26/1994,14:45:00,3,TX,48,2,8,0,7,0,-97.27,33.53,-97.03,33.73,16,200,Tornado,#008000
283,1994,4,26,4/26/1994,14:45:00,3,TX,48,2,8,0,7,0,-97.27,33.53,-97.03,33.73,16,200,Tornado,#008000
284,1994,4,26,4/26/1994,14:45:00,3,TX,48,2,8,0,7,0,-97.27,33.53,-97.03,33.73,16,200,Tornado,#008000
285,1994,4,26,4/26/1994,14:45:00,3,TX,48,2,8,0,7,0,-97.27,33.53,-97.03,33.73,16,200,Tornado,#008000
286,1994,4,26,4/26/1994,14:45:00,3,TX,48,2,8,0,7,0,-97.27,33.53,-97.03,33.73,16,200,Tornado,#008000
287,1994,4,26,4/26/1994,14:45:00,3,TX,48,2,8,0,7,0,-97.27,33.53,-97.03,33.73,16,200,Tornado,#008000
288,1994,4,26,4/26/1994,14:45:00,3,TX,48,2,8,0,7,0,-97.27,33.53,-97.03,33.73,16,200,Tornado,#008000
289,1994,4,26,4/26/1994,14:45:00,3,TX,48,2,8,0,7,0,-97.27,33.53,-97.03,33.73,16,200,Tornado,#008000
290,1994,4,26,4/26/1994,15:10:00,3,TX,48,0,0,0,4,0,-97.13,33.65,-97.08,33.7,4,100,Tornado,#888888
291,1994,4,26,4/26/1994,15:10:00,3,TX,48,0,0,0,4,0,-97.13,33.65,-97.08,33.7,4,100,Tornado,#888888
292,1994,4,26,4/26/1994,18:00:00,3,TX,48,2,0,0,5,0,-95.82,33.8,-95.72,33.85,6,100,Tornado,#008000
293,1994,4,26,4/26/1994,18:00:00,3,TX,48,2,0,0,5,0,-95.82,33.8,-95.72,33.85,6,100,Tornado,#008000
294,1994,4,26,4/26/1994,18:00:00,3,TX,48,2,0,0,5,0,-95.82,33.8,-95.72,33.85,6,100,Tornado,#008000
295,1994,4,29,4/29/1994,21:17:00,3,TX,48,2,0,0,6,0,-95.8,32.77,-95.62,32.87,12,100,Tornado,#008000
296,1994,4,29,4/29/1994,21:17:00,3,TX,48,2,0,0,6,0,-95.8,32.77,-95.62,32.87,12,100,Tornado,#008000
297,1994,4,29,4/29/1994,21:17:00,3,TX,48,2,0,0,6,0,-95.8,32.77,-95.62,32.87,12,100,Tornado,#008000
298,1994,4,29,4/29/1994,21:17:00,3,TX,48,2,0,0,6,0,-95.8,32.77,-95.62,32.87,12,100,Tornado,#008000
299,1994,4,29,4/29/1994,21:17:00,3,TX,48,2,0,0,6,0,-95.8,32.77,-95.62,32.87,12,100,Tornado,#008000
300,1994,4,29,4/29/1994,21:17:00,3,TX,48,2,0,0,6,0,-95.8,32.77,-95.62,32.87,12,100,Tornado,#008000
301,1994,5,13,5/13/1994,7:00:00,3,TX,48,0,0,0,4,0,-94.85,29.28,-94.78,29.32,4,50,Tornado,#888888
302,1994,5,13,5/13/1994,7:00:00,3,TX,48,0,0,0,4,0,-94.85,29.28,-94.78,29.32,4,50,Tornado,#888888
303,1994,5,13,5/13/1994,10:45:00,3,TX,48,3,1,0,6,0,-98.27,30.57,-98.23,30.6,3.5,880,Tornado,#FFAA00
304,1994,5,13,5/13/1994,13:15:00,3,TX,48,2,0,0,4,0,-96.42,30.05,-96.38,30.08,3,50,Tornado,#008000
305,1994,5,13,5/13/1994,14:03:00,3,TX,48,1,0,0,4,0,-96.63,30.17,-96.57,30.2,4,50,Tornado,#0000FF
306,1994,5,13,5/13/1994,16:20:00,3,TX,48,1,0,0,4,0,-95.78,30.2,-95.72,30.23,4,50,Tornado,#0000FF
307,1994,5,25,5/25/1994,16:36:00,3,TX,48,1,0,0,4,0,-100.58,34.33,-100.52,34.42,5,50,Tornado,#0000FF
308,1994,5,25,5/25/1994,16:36:00,3,TX,48,1,0,0,4,0,-100.58,34.33,-100.52,34.42,5,50,Tornado,#0000FF
309,1994,5,25,5/25/1994,16:36:00,3,TX,48,1,0,0,4,0,-100.58,34.33,-100.52,34.42,5,50,Tornado,#0000FF
310,1994,5,25,5/25/1994,16:50:00,3,TX,48,1,0,0,4,0,-100.38,34.38,-100.33,34.42,3,400,Tornado,#0000FF
311,1994,5,28,5/28/1994,19:04:00,3,TX,48,1,0,0,0,0,-100.83,35.8,-100.87,35.73,4,350,Tornado,#0000FF
312,1994,5,28,5/28/1994,19:04:00,3,TX,48,1,0,0,0,0,-100.83,35.8,-100.87,35.73,4,350,Tornado,#0000FF
313,1994,5,29,5/29/1994,17:10:00,3,TX,48,3,0,0,3,0,-98.82,33.33,-98.83,33.23,7,600,Tornado,#FFAA00
314,1994,5,29,5/29/1994,17:10:00,3,TX,48,3,0,0,3,0,-98.82,33.33,-98.83,33.23,7,600,Tornado,#FFAA00
315,1994,5,29,5/29/1994,18:36:00,3,TX,48,1,3,0,5,0,-99.2,32.18,-99.15,32.12,0.1,10,Tornado,#0000FF
316,1994,5,29,5/29/1994,18:36:00,3,TX,48,1,3,0,5,0,-99.2,32.18,-99.15,32.12,0.1,10,Tornado,#0000FF
317,1995,1,12,1/12/1995,23:42:00,3,TX,48,1,0,0,0,0,-93.85,30.02,-93.73,30.1,10,200,Tornado,#0000FF
318,1995,1,12,1/12/1995,23:42:00,3,TX,48,1,0,0,0,0,-93.85,30.02,-93.73,30.1,10,200,Tornado,#0000FF
319,1995,1,12,1/12/1995,23:42:00,3,TX,48,1,0,0,0,0,-93.85,30.02,-93.73,30.1,10,200,Tornado,#0000FF
320,1995,1,12,1/12/1995,23:42:00,3,TX,48,1,0,0,0,0,-93.85,30.02,-93.73,30.1,10,200,Tornado,#0000FF
321,1995,3,25,3/25/1995,17:42:00,3,TX,48,1,0,0,0,0,-100.52,36.15,-100.42,36.18,5,200,Tornado,#0000FF
322,1995,3,25,3/25/1995,17:42:00,3,TX,48,1,0,0,0,0,-100.52,36.15,-100.42,36.18,5,200,Tornado,#0000FF
323,1995,3,25,3/25/1995,17:42:00,3,TX,48,1,0,0,0,0,-100.52,36.15,-100.42,36.18,5,200,Tornado,#0000FF
324,1995,4,19,4/19/1995,19:40:00,3,TX,48,2,0,0,6,0,-97.32,32.73,-97.33,32.8,5,50,Tornado,#008000
325,1995,4,19,4/19/1995,19:40:00,3,TX,48,2,0,0,6,0,-97.32,32.73,-97.33,32.8,5,50,Tornado,#008000
326,1995,4,19,4/19/1995,20:02:00,3,TX,48,1,8,0,6,0,-96.92,32.78,-96.73,32.82,6,100,Tornado,#0000FF
327,1995,4,19,4/19/1995,20:02:00,3,TX,48,1,8,0,6,0,-96.92,32.78,-96.73,32.82,6,100,Tornado,#0000FF
328,1995,4,19,4/19/1995,20:02:00,3,TX,48,1,8,0,6,0,-96.92,32.78,-96.73,32.82,6,100,Tornado,#0000FF
329,1995,4,19,4/19/1995,20:02:00,3,TX,48,1,8,0,6,0,-96.92,32.78,-96.73,32.82,6,100,Tornado,#0000FF
330,1995,4,19,4/19/1995,20:02:00,3,TX,48,1,8,0,6,0,-96.92,32.78,-96.73,32.82,6,100,Tornado,#0000FF
331,1995,5,7,5/7/1995,0:40:00,3,TX,48,2,12,1,5,0,-102,34.98,-101.87,35.17,12,200,Tornado,#008000
332,1995,5,7,5/7/1995,0:40:00,3,TX,48,2,12,1,5,0,-102,34.98,-101.87,35.17,12,200,Tornado,#008000
333,1995,5,7,5/7/1995,0:40:00,3,TX,48,2,12,1,5,0,-102,34.98,-101.87,35.17,12,200,Tornado,#008000
334,1995,5,7,5/7/1995,0:40:00,3,TX,48,2,12,1,5,0,-102,34.98,-101.87,35.17,12,200,Tornado,#008000
335,1995,5,7,5/7/1995,0:40:00,3,TX,48,2,12,1,5,0,-102,34.98,-101.87,35.17,12,200,Tornado,#008000
336,1995,5,7,5/7/1995,0:40:00,3,TX,48,2,12,1,5,0,-102,34.98,-101.87,35.17,12,200,Tornado,#008000
337,1995,5,7,5/7/1995,15:10:00,3,TX,48,3,11,2,6,0,-97.53,33.52,-97.43,33.8,26,880,Tornado,#FFAA00
338,1995,5,7,5/7/1995,15:10:00,3,TX,48,3,11,2,6,0,-97.53,33.52,-97.43,33.8,26,880,Tornado,#FFAA00
339,1995,5,7,5/7/1995,15:10:00,3,TX,48,3,11,2,6,0,-97.53,33.52,-97.43,33.8,26,880,Tornado,#FFAA00
340,1995,5,7,5/7/1995,15:10:00,3,TX,48,3,11,2,6,0,-97.53,33.52,-97.43,33.8,26,880,Tornado,#FFAA00
341,1995,5,7,5/7/1995,15:10:00,3,TX,48,3,11,2,6,0,-97.53,33.52,-97.43,33.8,26,880,Tornado,#FFAA00
342,1995,5,7,5/7/1995,15:10:00,3,TX,48,3,11,2,6,0,-97.53,33.52,-97.43,33.8,26,880,Tornado,#FFAA00
343,1995,5,7,5/7/1995,15:10:00,3,TX,48,3,11,2,6,0,-97.53,33.52,-97.43,33.8,26,880,Tornado,#FFAA00
344,1995,5,7,5/7/1995,15:10:00,3,TX,48,3,11,2,6,0,-97.53,33.52,-97.43,33.8,26,880,Tornado,#FFAA00
345,1995,5,7,5/7/1995,15:20:00,3,TX,48,3,6,3,8,0,-97.43,33.8,-97.17,34.2,34.1,880,Tornado,#FFAA00
346,1995,5,7,5/7/1995,15:20:00,3,TX,48,3,6,3,8,0,-97.43,33.8,-97.17,34.2,34.1,880,Tornado,#FFAA00
347,1995,5,7,5/7/1995,15:20:00,3,TX,48,3,6,3,8,0,-97.43,33.8,-97.17,34.2,34.1,880,Tornado,#FFAA00
348,1995,5,7,5/7/1995,15:20:00,3,TX,48,3,6,3,8,0,-97.43,33.8,-97.17,34.2,34.1,880,Tornado,#FFAA00
349,1995,5,7,5/7/1995,15:20:00,3,TX,48,3,6,3,8,0,-97.43,33.8,-97.17,34.2,34.1,880,Tornado,#FFAA00
350,1995,5,7,5/7/1995,15:20:00,3,TX,48,3,6,3,8,0,-97.43,33.8,-97.17,34.2,34.1,880,Tornado,#FFAA00
351,1995,5,7,5/7/1995,15:20:00,3,TX,48,3,6,3,8,0,-97.43,33.8,-97.17,34.2,34.1,880,Tornado,#FFAA00
352,1995,5,7,5/7/1995,15:20:00,3,TX,48,3,6,3,8,0,-97.43,33.8,-97.17,34.2,34.1,880,Tornado,#FFAA00
353,1995,5,7,5/7/1995,15:20:00,3,TX,48,3,6,3,8,0,-97.43,33.8,-97.17,34.2,34.1,880,Tornado,#FFAA00
354,1995,5,7,5/7/1995,15:20:00,3,TX,48,3,6,3,8,0,-97.43,33.8,-97.17,34.2,34.1,880,Tornado,#FFAA00
355,1995,5,7,5/7/1995,15:20:00,3,TX,48,3,6,3,8,0,-97.43,33.8,-97.17,34.2,34.1,880,Tornado,#FFAA00
356,1995,5,7,5/7/1995,15:20:00,3,TX,48,3,6,3,8,0,-97.43,33.8,-97.17,34.2,34.1,880,Tornado,#FFAA00
357,1995,5,7,5/7/1995,15:20:00,3,TX,48,3,6,3,8,0,-97.43,33.8,-97.17,34.2,34.1,880,Tornado,#FFAA00
358,1995,5,7,5/7/1995,15:20:00,3,TX,48,3,6,3,8,0,-97.43,33.8,-97.17,34.2,34.1,880,Tornado,#FFAA00
359,1995,5,7,5/7/1995,16:25:00,3,TX,48,1,0,0,0,0,-95.28,30.4,-95.22,30.53,8,50,Tornado,#0000FF
360,1995,5,7,5/7/1995,16:25:00,3,TX,48,1,0,0,0,0,-95.28,30.4,-95.22,30.53,8,50,Tornado,#0000FF
361,1995,5,7,5/7/1995,16:25:00,3,TX,48,1,0,0,0,0,-95.28,30.4,-95.22,30.53,8,50,Tornado,#0000FF
362,1995,5,7,5/7/1995,16:25:00,3,TX,48,1,0,0,0,0,-95.28,30.4,-95.22,30.53,8,50,Tornado,#0000FF
363,1995,5,7,5/7/1995,18:30:00,3,TX,48,0,0,0,4,0,-98.97,32.1,-98.68,32.22,18,10,Tornado,#888888
364,1995,5,7,5/7/1995,18:30:00,3,TX,48,0,0,0,4,0,-98.97,32.1,-98.68,32.22,18,10,Tornado,#888888
365,1995,5,7,5/7/1995,18:30:00,3,TX,48,0,0,0,4,0,-98.97,32.1,-98.68,32.22,18,10,Tornado,#888888
366,1995,5,7,5/7/1995,18:30:00,3,TX,48,0,0,0,4,0,-98.97,32.1,-98.68,32.22,18,10,Tornado,#888888
367,1995,5,7,5/7/1995,18:30:00,3,TX,48,0,0,0,4,0,-98.97,32.1,-98.68,32.22,18,10,Tornado,#888888
368,1995,5,7,5/7/1995,18:30:00,3,TX,48,0,0,0,4,0,-98.97,32.1,-98.68,32.22,18,10,Tornado,#888888
369,1995,5,7,5/7/1995,18:30:00,3,TX,48,0,0,0,4,0,-98.97,32.1,-98.68,32.22,18,10,Tornado,#888888
370,1995,5,7,5/7/1995,18:30:00,3,TX,48,0,0,0,4,0,-98.97,32.1,-98.68,32.22,18,10,Tornado,#888888
371,1995,5,7,5/7/1995,18:30:00,3,TX,48,0,0,0,4,0,-98.97,32.1,-98.68,32.22,18,10,Tornado,#888888
372,1995,5,7,5/7/1995,19:00:00,3,TX,48,1,0,0,5,0,-99.02,32.05,-98.93,32.08,5,10,Tornado,#0000FF
373,1995,5,7,5/7/1995,19:00:00,3,TX,48,1,0,0,5,0,-99.02,32.05,-98.93,32.08,5,10,Tornado,#0000FF
374,1995,5,7,5/7/1995,21:15:00,3,TX,48,1,4,0,6,0,-97.25,32.83,-97.08,32.93,10,300,Tornado,#0000FF
375,1995,5,7,5/7/1995,21:15:00,3,TX,48,1,4,0,6,0,-97.25,32.83,-97.08,32.93,10,300,Tornado,#0000FF
376,1995,5,7,5/7/1995,21:15:00,3,TX,48,1,4,0,6,0,-97.25,32.83,-97.08,32.93,10,300,Tornado,#0000FF
377,1995,5,7,5/7/1995,21:15:00,3,TX,48,1,4,0,6,0,-97.25,32.83,-97.08,32.93,10,300,Tornado,#0000FF
378,1995,5,7,5/7/1995,21:15:00,3,TX,48,1,4,0,6,0,-97.25,32.83,-97.08,32.93,10,300,Tornado,#0000FF
379,1995,5,14,5/14/1995,18:44:00,3,TX,48,3,0,0,5,0,-100.15,31.47,-100.12,31.4,5,100,Tornado,#FFAA00
380,1995,5,14,5/14/1995,18:44:00,3,TX,48,3,0,0,5,0,-100.15,31.47,-100.12,31.4,5,100,Tornado,#FFAA00
381,1995,5,17,5/17/1995,13:05:00,3,TX,48,0,0,0,0,0,-100.6,36.4,-100.7,36.6,3,73,Tornado,#888888
382,1995,5,17,5/17/1995,13:05:00,3,TX,48,0,0,0,0,0,-100.6,36.4,-100.7,36.6,3,73,Tornado,#888888
383,1995,5,17,5/17/1995,13:05:00,3,TX,48,0,0,0,0,0,-100.6,36.4,-100.7,36.6,3,73,Tornado,#888888
384,1995,5,17,5/17/1995,13:05:00,3,TX,48,0,0,0,0,0,-100.6,36.4,-100.7,36.6,3,73,Tornado,#888888
385,1995,5,17,5/17/1995,13:05:00,3,TX,48,0,0,0,0,0,-100.6,36.4,-100.7,36.6,3,73,Tornado,#888888
386,1995,5,17,5/17/1995,13:05:00,3,TX,48,0,0,0,0,0,-100.6,36.4,-100.7,36.6,3,73,Tornado,#888888
387,1995,5,18,5/18/1995,7:20:00,3,TX,48,1,12,0,5,0,-94.8,30.07,-94.72,30.13,6.5,500,Tornado,#0000FF
388,1995,5,18,5/18/1995,7:20:00,3,TX,48,1,12,0,5,0,-94.8,30.07,-94.72,30.13,6.5,500,Tornado,#0000FF
389,1995,5,26,5/26/1995,18:38:00,3,TX,48,0,0,0,0,0,-98.63,34.03,-98.58,34.08,4,30,Tornado,#888888
390,1995,5,26,5/26/1995,18:38:00,3,TX,48,0,0,0,0,0,-98.63,34.03,-98.58,34.08,4,30,Tornado,#888888
391,1995,5,31,5/31/1995,16:15:00,3,TX,48,1,0,0,0,0,-100.28,31.88,-100.28,31.77,8,50,Tornado,#0000FF
392,1995,5,31,5/31/1995,16:15:00,3,TX,48,1,0,0,0,0,-100.28,31.88,-100.28,31.77,8,50,Tornado,#0000FF
393,1995,5,31,5/31/1995,16:15:00,3,TX,48,1,0,0,0,0,-100.28,31.88,-100.28,31.77,8,50,Tornado,#0000FF
394,1995,6,2,6/2/1995,17:35:00,3,TX,48,3,12,0,7,0,-102.78,34.6,-102.73,34.73,10,500,Tornado,#FFAA00
395,1995,6,2,6/2/1995,17:35:00,3,TX,48,3,12,0,7,0,-102.78,34.6,-102.73,34.73,10,500,Tornado,#FFAA00
396,1995,6,2,6/2/1995,17:35:00,3,TX,48,3,12,0,7,0,-102.78,34.6,-102.73,34.73,10,500,Tornado,#FFAA00
397,1995,6,2,6/2/1995,17:35:00,3,TX,48,3,12,0,7,0,-102.78,34.6,-102.73,34.73,10,500,Tornado,#FFAA00
398,1995,6,2,6/2/1995,19:02:00,3,TX,48,2,3,0,4,0,-102.32,34.5,-102.28,34.57,6,100,Tornado,#008000
399,1995,6,2,6/2/1995,19:02:00,3,TX,48,2,3,0,4,0,-102.32,34.5,-102.28,34.57,6,100,Tornado,#008000
400,1995,6,2,6/2/1995,19:18:00,3,TX,48,1,0,0,0,0,-101.87,34.62,-101.63,34.63,11,150,Tornado,#0000FF
401,1995,6,2,6/2/1995,19:18:00,3,TX,48,1,0,0,0,0,-101.87,34.62,-101.63,34.63,11,150,Tornado,#0000FF
402,1995,6,2,6/2/1995,19:18:00,3,TX,48,1,0,0,0,0,-101.87,34.62,-101.63,34.63,11,150,Tornado,#0000FF
403,1995,6,2,6/2/1995,19:18:00,3,TX,48,1,0,0,0,0,-101.87,34.62,-101.63,34.63,11,150,Tornado,#0000FF
404,1995,6,2,6/2/1995,19:18:00,3,TX,48,1,0,0,0,0,-101.87,34.62,-101.63,34.63,11,150,Tornado,#0000FF
405,1995,6,2,6/2/1995,19:18:00,3,TX,48,1,0,0,0,0,-101.87,34.62,-101.63,34.63,11,150,Tornado,#0000FF
406,1995,6,2,6/2/1995,19:18:00,3,TX,48,1,0,0,0,0,-101.87,34.62,-101.63,34.63,11,150,Tornado,#0000FF
407,1995,6,3,6/3/1995,17:02:00,3,TX,48,0,0,0,0,0,-100.42,34.55,-100.32,34.58,3,100,Tornado,#888888
408,1995,6,3,6/3/1995,17:02:00,3,TX,48,0,0,0,0,0,-100.42,34.55,-100.32,34.58,3,100,Tornado,#888888
409,1995,6,3,6/3/1995,17:02:00,3,TX,48,0,0,0,0,0,-100.42,34.55,-100.32,34.58,3,100,Tornado,#888888
410,1995,6,4,6/4/1995,14:00:00,3,TX,48,1,0,0,4,0,-102.35,34.38,-102.3,34.38,3,100,Tornado,#0000FF
411,1995,6,5,6/5/1995,15:05:00,3,TX,48,2,0,0,5,0,-101.18,34.02,-101.08,33.83,13,350,Tornado,#008000
412,1995,6,5,6/5/1995,15:05:00,3,TX,48,2,0,0,5,0,-101.18,34.02,-101.08,33.83,13,350,Tornado,#008000
413,1995,6,5,6/5/1995,15:05:00,3,TX,48,2,0,0,5,0,-101.18,34.02,-101.08,33.83,13,350,Tornado,#008000
414,1995,6,5,6/5/1995,15:05:00,3,TX,48,2,0,0,5,0,-101.18,34.02,-101.08,33.83,13,350,Tornado,#008000
415,1995,6,5,6/5/1995,15:05:00,3,TX,48,2,0,0,5,0,-101.18,34.02,-101.08,33.83,13,350,Tornado,#008000
416,1995,6,5,6/5/1995,15:05:00,3,TX,48,2,0,0,5,0,-101.18,34.02,-101.08,33.83,13,350,Tornado,#008000
417,1995,6,8,6/8/1995,15:31:00,3,TX,48,4,7,0,7,0,-101.02,35.5,-100.97,35.53,3,200,Tornado,#FF0000
418,1995,6,8,6/8/1995,15:50:00,3,TX,48,2,0,0,5,0,-100.93,35.55,-100.85,35.63,6,40,Tornado,#008000
419,1995,6,8,6/8/1995,15:50:00,3,TX,48,2,0,0,5,0,-100.93,35.55,-100.85,35.63,6,40,Tornado,#008000
420,1995,6,8,6/8/1995,15:50:00,3,TX,48,2,0,0,5,0,-100.93,35.55,-100.85,35.63,6,40,Tornado,#008000
421,1995,6,8,6/8/1995,15:55:00,3,TX,48,1,0,0,0,0,-100.78,35.82,-100.63,35.87,3,200,Tornado,#0000FF
422,1995,6,8,6/8/1995,15:55:00,3,TX,48,1,0,0,0,0,-100.78,35.82,-100.63,35.87,3,200,Tornado,#0000FF
423,1995,6,8,6/8/1995,15:55:00,3,TX,48,1,0,0,0,0,-100.78,35.82,-100.63,35.87,3,200,Tornado,#0000FF
424,1995,6,8,6/8/1995,15:55:00,3,TX,48,1,0,0,0,0,-100.78,35.82,-100.63,35.87,3,200,Tornado,#0000FF
425,1995,6,8,6/8/1995,16:35:00,3,TX,48,1,0,0,5,0,-100.8,35.7,-100.63,35.78,10,250,Tornado,#0000FF
426,1995,6,8,6/8/1995,16:35:00,3,TX,48,1,0,0,5,0,-100.8,35.7,-100.63,35.78,10,250,Tornado,#0000FF
427,1995,6,8,6/8/1995,16:35:00,3,TX,48,1,0,0,5,0,-100.8,35.7,-100.63,35.78,10,250,Tornado,#0000FF
428,1995,6,8,6/8/1995,16:35:00,3,TX,48,1,0,0,5,0,-100.8,35.7,-100.63,35.78,10,250,Tornado,#0000FF
429,1995,6,8,6/8/1995,16:35:00,3,TX,48,1,0,0,5,0,-100.8,35.7,-100.63,35.78,10,250,Tornado,#0000FF
430,1995,6,8,6/8/1995,16:55:00,3,TX,48,2,0,0,0,0,-100.83,35.05,-100.77,35.1,10,500,Tornado,#008000
431,1995,6,8,6/8/1995,16:55:00,3,TX,48,2,0,0,0,0,-100.83,35.05,-100.77,35.1,10,500,Tornado,#008000
432,1995,6,8,6/8/1995,16:59:00,3,TX,48,2,0,0,5,0,-100.65,35.18,-100.62,35.23,4,200,Tornado,#008000
433,1995,6,8,6/8/1995,17:10:00,3,TX,48,2,0,0,0,0,-100.75,35.12,-100.7,35.2,9,400,Tornado,#008000
434,1995,6,8,6/8/1995,17:10:00,3,TX,48,2,0,0,0,0,-100.75,35.12,-100.7,35.2,9,400,Tornado,#008000
435,1995,6,8,6/8/1995,17:35:00,3,TX,48,4,0,0,5,0,-100.6,35.25,-100.38,35.55,29,600,Tornado,#FF0000
436,1995,6,8,6/8/1995,17:35:00,3,TX,48,4,0,0,5,0,-100.6,35.25,-100.38,35.55,29,600,Tornado,#FF0000
437,1995,6,8,6/8/1995,17:35:00,3,TX,48,4,0,0,5,0,-100.6,35.25,-100.38,35.55,29,600,Tornado,#FF0000
438,1995,6,8,6/8/1995,17:35:00,3,TX,48,4,0,0,5,0,-100.6,35.25,-100.38,35.55,29,600,Tornado,#FF0000
439,1995,6,8,6/8/1995,17:35:00,3,TX,48,4,0,0,5,0,-100.6,35.25,-100.38,35.55,29,600,Tornado,#FF0000
440,1995,6,8,6/8/1995,17:35:00,3,TX,48,4,0,0,5,0,-100.6,35.25,-100.38,35.55,29,600,Tornado,#FF0000
441,1995,6,8,6/8/1995,17:35:00,3,TX,48,4,0,0,5,0,-100.6,35.25,-100.38,35.55,29,600,Tornado,#FF0000
442,1995,6,8,6/8/1995,17:35:00,3,TX,48,4,0,0,5,0,-100.6,35.25,-100.38,35.55,29,600,Tornado,#FF0000
443,1995,6,8,6/8/1995,17:35:00,3,TX,48,4,0,0,5,0,-100.6,35.25,-100.38,35.55,29,600,Tornado,#FF0000
444,1995,6,8,6/8/1995,17:35:00,3,TX,48,4,0,0,5,0,-100.6,35.25,-100.38,35.55,29,600,Tornado,#FF0000
445,1995,6,8,6/8/1995,17:43:00,3,TX,48,0,0,0,0,0,-100.47,35.97,-100.38,36.03,4,150,Tornado,#888888
446,1995,6,8,6/8/1995,17:43:00,3,TX,48,0,0,0,0,0,-100.47,35.97,-100.38,36.03,4,150,Tornado,#888888
447,1995,6,8,6/8/1995,17:43:00,3,TX,48,0,0,0,0,0,-100.47,35.97,-100.38,36.03,4,150,Tornado,#888888
448,1995,6,8,6/8/1995,18:45:00,3,TX,48,4,0,0,6,0,-100.22,35.5,-100.1,35.68,15,2200,Tornado,#FF0000
449,1995,6,8,6/8/1995,18:45:00,3,TX,48,4,0,0,6,0,-100.22,35.5,-100.1,35.68,15,2200,Tornado,#FF0000
450,1995,6,8,6/8/1995,18:45:00,3,TX,48,4,0,0,6,0,-100.22,35.5,-100.1,35.68,15,2200,Tornado,#FF0000
451,1995,6,8,6/8/1995,18:45:00,3,TX,48,4,0,0,6,0,-100.22,35.5,-100.1,35.68,15,2200,Tornado,#FF0000
452,1995,6,8,6/8/1995,18:45:00,3,TX,48,4,0,0,6,0,-100.22,35.5,-100.1,35.68,15,2200,Tornado,#FF0000
453,1995,6,8,6/8/1995,18:45:00,3,TX,48,4,0,0,6,0,-100.22,35.5,-100.1,35.68,15,2200,Tornado,#FF0000
454,1995,7,23,7/23/1995,19:02:00,3,TX,48,1,0,0,0,0,-101.58,35.17,-101.52,35.12,4,150,Tornado,#0000FF
455,1995,7,23,7/23/1995,19:02:00,3,TX,48,1,0,0,0,0,-101.58,35.17,-101.52,35.12,4,150,Tornado,#0000FF
456,1995,12,15,12/15/1995,16:00:00,3,TX,48,0,0,0,3,0,-95.12,33.37,-95.02,33.37,8.4,30,Tornado,#888888
457,1995,12,15,12/15/1995,16:00:00,3,TX,48,0,0,0,3,0,-95.12,33.37,-95.02,33.37,8.4,30,Tornado,#888888
458,1995,12,17,12/17/1995,5:49:00,3,TX,48,0,0,0,6,0,-94.93,30.7,-94.87,30.73,4,50,Tornado,#888888
459,1995,12,18,12/18/1995,8:05:00,3,TX,48,0,0,0,0,0,-93.75,31.43,-93.65,31.47,0.2,30,Tornado,#888888
460,1995,12,18,12/18/1995,8:05:00,3,TX,48,0,0,0,0,0,-93.75,31.43,-93.65,31.47,0.2,30,Tornado,#888888
461,1995,12,18,12/18/1995,8:05:00,3,TX,48,0,0,0,0,0,-93.75,31.43,-93.65,31.47,0.2,30,Tornado,#888888
462,1996,3,5,3/5/1996,18:12:00,3,TX,48,0,0,0,0,0,-95.32,32.9,-95.25,32.88,0.5,25,Tornado,#888888
463,1996,3,5,3/5/1996,18:12:00,3,TX,48,0,0,0,0,0,-95.32,32.9,-95.25,32.88,0.5,25,Tornado,#888888
464,1996,4,21,4/21/1996,20:05:00,3,TX,48,0,0,0,0.01,0,-97.27,33.65,-97.23,33.65,2,30,Tornado,#888888
465,1996,5,9,5/9/1996,17:59:00,3,TX,48,0,0,0,0,0,-100.52,35.52,-100.43,35.52,5,100,Tornado,#888888
466,1996,5,9,5/9/1996,17:59:00,3,TX,48,0,0,0,0,0,-100.52,35.52,-100.43,35.52,5,100,Tornado,#888888
467,1996,5,10,5/10/1996,20:03:00,3,TX,48,1,0,0,1,0,-100.32,31.37,-100.23,31.37,5,1000,Tornado,#0000FF
468,1996,5,10,5/10/1996,20:03:00,3,TX,48,1,0,0,1,0,-100.32,31.37,-100.23,31.37,5,1000,Tornado,#0000FF
469,1996,5,24,5/24/1996,14:57:00,3,TX,48,0,0,0,0,0,-100.97,36.25,-100.93,36.25,0.6,40,Tornado,#888888
470,1996,5,24,5/24/1996,15:42:00,3,TX,48,0,0,0,0,0,-100.8,36.1,-100.65,36.12,0.5,50,Tornado,#888888
471,1996,5,24,5/24/1996,15:42:00,3,TX,48,0,0,0,0,0,-100.8,36.1,-100.65,36.12,0.5,50,Tornado,#888888
472,1996,5,24,5/24/1996,15:42:00,3,TX,48,0,0,0,0,0,-100.8,36.1,-100.65,36.12,0.5,50,Tornado,#888888
473,1996,5,24,5/24/1996,15:42:00,3,TX,48,0,0,0,0,0,-100.8,36.1,-100.65,36.12,0.5,50,Tornado,#888888
474,1996,5,25,5/25/1996,16:30:00,3,TX,48,0,0,0,0,0,-102.98,36.32,-102.93,36.38,5,100,Tornado,#888888
475,1996,5,25,5/25/1996,16:30:00,3,TX,48,0,0,0,0,0,-102.98,36.32,-102.93,36.38,5,100,Tornado,#888888
476,1996,5,25,5/25/1996,16:54:00,3,TX,48,2,0,0,0.15,0,-102.67,35.05,-102.63,35.02,3,200,Tornado,#008000
477,1996,5,25,5/25/1996,17:39:00,3,TX,48,1,0,0,0.2,0,-103,36.38,-102.95,36.43,4,200,Tornado,#0000FF
478,1996,5,25,5/25/1996,17:39:00,3,TX,48,1,0,0,0.2,0,-103,36.38,-102.95,36.43,4,200,Tornado,#0000FF
479,1996,5,25,5/25/1996,22:55:00,3,TX,48,1,0,0,0.01,0,-100.98,33.75,-100.73,33.77,17,20,Tornado,#0000FF
480,1996,5,25,5/25/1996,22:55:00,3,TX,48,1,0,0,0.01,0,-100.98,33.75,-100.73,33.77,17,20,Tornado,#0000FF
481,1996,5,25,5/25/1996,22:55:00,3,TX,48,1,0,0,0.01,0,-100.98,33.75,-100.73,33.77,17,20,Tornado,#0000FF
482,1996,5,25,5/25/1996,22:55:00,3,TX,48,1,0,0,0.01,0,-100.98,33.75,-100.73,33.77,17,20,Tornado,#0000FF
483,1996,5,25,5/25/1996,22:55:00,3,TX,48,1,0,0,0.01,0,-100.98,33.75,-100.73,33.77,17,20,Tornado,#0000FF
484,1996,5,25,5/25/1996,22:55:00,3,TX,48,1,0,0,0.01,0,-100.98,33.75,-100.73,33.77,17,20,Tornado,#0000FF
485,1996,5,25,5/25/1996,22:55:00,3,TX,48,1,0,0,0.01,0,-100.98,33.75,-100.73,33.77,17,20,Tornado,#0000FF
486,1996,6,2,6/2/1996,14:28:00,3,TX,48,0,0,0,0,0,-101.58,36.42,-101.55,36.38,3,50,Tornado,#888888
487,1996,6,18,6/18/1996,16:34:00,3,TX,48,0,0,0,0,0,-101.37,34.97,-101.3,34.98,0.5,50,Tornado,#888888
488,1996,6,18,6/18/1996,16:34:00,3,TX,48,0,0,0,0,0,-101.37,34.97,-101.3,34.98,0.5,50,Tornado,#888888
489,1996,8,23,8/23/1996,6:30:00,3,TX,48,0,0,0,0,0,-97.52,26.03,-97.57,26.03,5,30,Tornado,#888888
490,1996,9,15,9/15/1996,1:45:00,3,TX,48,2,1,0,0.02,0,-99.53,29.53,-99.53,29.58,4,700,Tornado,#008000
491,1996,9,20,9/20/1996,18:50:00,3,TX,48,0,0,0,0.5,0,-96.77,30.57,-96.65,30.53,1,50,Tornado,#888888
492,1996,9,20,9/20/1996,18:50:00,3,TX,48,0,0,0,0.5,0,-96.77,30.57,-96.65,30.53,1,50,Tornado,#888888
493,1996,9,20,9/20/1996,18:50:00,3,TX,48,0,0,0,0.5,0,-96.77,30.57,-96.65,30.53,1,50,Tornado,#888888
494,1996,9,20,9/20/1996,18:56:00,3,TX,48,0,0,0,0.5,0,-96.68,30.53,-96.53,30.35,0.5,50,Tornado,#888888
495,1996,9,20,9/20/1996,18:56:00,3,TX,48,0,0,0,0.5,0,-96.68,30.53,-96.53,30.35,0.5,50,Tornado,#888888
496,1996,9,20,9/20/1996,18:56:00,3,TX,48,0,0,0,0.5,0,-96.68,30.53,-96.53,30.35,0.5,50,Tornado,#888888
497,1996,9,20,9/20/1996,18:56:00,3,TX,48,0,0,0,0.5,0,-96.68,30.53,-96.53,30.35,0.5,50,Tornado,#888888
498,1996,9,20,9/20/1996,18:56:00,3,TX,48,0,0,0,0.5,0,-96.68,30.53,-96.53,30.35,0.5,50,Tornado,#888888
499,1996,9,20,9/20/1996,18:56:00,3,TX,48,0,0,0,0.5,0,-96.68,30.53,-96.53,30.35,0.5,50,Tornado,#888888
500,1996,10,21,10/21/1996,14:26:00,3,TX,48,1,0,0,0.04,0,-94.5,33.17,-94.15,33.12,22,25,Tornado,#0000FF
501,1996,10,21,10/21/1996,14:26:00,3,TX,48,1,0,0,0.04,0,-94.5,33.17,-94.15,33.12,22,25,Tornado,#0000FF
502,1996,10,21,10/21/1996,14:26:00,3,TX,48,1,0,0,0.04,0,-94.5,33.17,-94.15,33.12,22,25,Tornado,#0000FF
503,1996,10,21,10/21/1996,14:26:00,3,TX,48,1,0,0,0.04,0,-94.5,33.17,-94.15,33.12,22,25,Tornado,#0000FF
504,1996,10,21,10/21/1996,14:26:00,3,TX,48,1,0,0,0.04,0,-94.5,33.17,-94.15,33.12,22,25,Tornado,#0000FF
505,1996,10,21,10/21/1996,14:26:00,3,TX,48,1,0,0,0.04,0,-94.5,33.17,-94.15,33.12,22,25,Tornado,#0000FF
506,1996,10,21,10/21/1996,14:26:00,3,TX,48,1,0,0,0.04,0,-94.5,33.17,-94.15,33.12,22,25,Tornado,#0000FF
507,1996,10,21,10/21/1996,14:26:00,3,TX,48,1,0,0,0.04,0,-94.5,33.17,-94.15,33.12,22,25,Tornado,#0000FF
508,1996,10,21,10/21/1996,14:26:00,3,TX,48,1,0,0,0.04,0,-94.5,33.17,-94.15,33.12,22,25,Tornado,#0000FF
509,1996,10,21,10/21/1996,14:26:00,3,TX,48,1,0,0,0.04,0,-94.5,33.17,-94.15,33.12,22,25,Tornado,#0000FF
510,1996,11,7,11/7/1996,3:56:00,3,TX,48,2,0,0,0,0,-94.37,32.53,-94.28,32.57,5,1760,Tornado,#008000
511,1996,11,7,11/7/1996,3:56:00,3,TX,48,2,0,0,0,0,-94.37,32.53,-94.28,32.57,5,1760,Tornado,#008000
512,1997,1,23,1/23/1997,17:23:00,3,TX,48,1,4,0,0.05,0,-95.58,31.57,-95.53,31.58,1,30,Tornado,#0000FF
513,1997,2,20,2/20/1997,3:00:00,3,TX,48,1,0,0,0.8,0,-100.62,30.85,-100.62,31,10,50,Tornado,#0000FF
514,1997,2,20,2/20/1997,3:00:00,3,TX,48,1,0,0,0.8,0,-100.62,30.85,-100.62,31,10,50,Tornado,#0000FF
515,1997,2,20,2/20/1997,3:00:00,3,TX,48,1,0,0,0.8,0,-100.62,30.85,-100.62,31,10,50,Tornado,#0000FF
516,1997,2,20,2/20/1997,3:00:00,3,TX,48,1,0,0,0.8,0,-100.62,30.85,-100.62,31,10,50,Tornado,#0000FF
517,1997,2,20,2/20/1997,17:11:00,3,TX,48,0,0,0,0,0,-94.6,33.05,-94.55,33.17,8,50,Tornado,#888888
518,1997,2,20,2/20/1997,17:11:00,3,TX,48,0,0,0,0,0,-94.6,33.05,-94.55,33.17,8,50,Tornado,#888888
519,1997,2,20,2/20/1997,17:11:00,3,TX,48,0,0,0,0,0,-94.6,33.05,-94.55,33.17,8,50,Tornado,#888888
520,1997,4,10,4/10/1997,16:21:00,3,TX,48,1,0,0,0.01,0,-102.48,32.67,-102.45,32.72,2.2,130,Tornado,#0000FF
521,1997,5,6,5/6/1997,19:35:00,3,TX,48,0,0,0,0,0,-102.07,36.23,-101.98,36.25,0.7,10,Tornado,#888888
522,1997,5,6,5/6/1997,19:35:00,3,TX,48,0,0,0,0,0,-102.07,36.23,-101.98,36.25,0.7,10,Tornado,#888888
523,1997,5,7,5/7/1997,19:10:00,3,TX,48,0,0,0,0,0,-100.63,35.62,-100.57,35.6,1,50,Tornado,#888888
524,1997,5,25,5/25/1997,19:36:00,3,TX,48,2,0,0,0.1,0,-97.43,33.62,-97.38,33.6,1,73,Tornado,#008000
525,1997,5,25,5/25/1997,20:39:00,3,TX,48,1,0,0,0,0,-97.27,33.53,-97.2,33.52,3,50,Tornado,#0000FF
526,1997,5,25,5/25/1997,20:39:00,3,TX,48,1,0,0,0,0,-97.27,33.53,-97.2,33.52,3,50,Tornado,#0000FF
527,1997,5,27,5/27/1997,12:46:00,3,TX,48,3,0,0,0.15,0,-97.33,31.32,-97.38,31.27,3.7,150,Tornado,#FFAA00
528,1997,5,27,5/27/1997,12:46:00,3,TX,48,3,0,0,0.15,0,-97.33,31.32,-97.38,31.27,3.7,150,Tornado,#FFAA00
529,1997,5,27,5/27/1997,13:27:00,3,TX,48,3,0,0,0.9,0,-97.47,31.17,-97.53,31.12,1.4,273,Tornado,#FFAA00
530,1997,5,27,5/27/1997,13:27:00,3,TX,48,3,0,0,0.9,0,-97.47,31.17,-97.53,31.12,1.4,273,Tornado,#FFAA00
531,1997,5,27,5/27/1997,14:25:00,3,TX,48,2,0,0,0,0,-97.6,30.87,-97.62,30.83,2,200,Tornado,#008000
532,1997,5,27,5/27/1997,14:40:00,3,TX,48,5,12,27,40,0,-97.62,30.82,-97.67,30.77,5.1,650,Tornado,#FF00FF
533,1997,5,27,5/27/1997,14:40:00,3,TX,48,5,12,27,40,0,-97.62,30.82,-97.67,30.77,5.1,650,Tornado,#FF00FF
534,1997,5,27,5/27/1997,15:05:00,3,TX,48,3,15,0,70.05,0,-97.82,30.55,-97.88,30.43,9.2,200,Tornado,#FFAA00
535,1997,5,27,5/27/1997,15:05:00,3,TX,48,3,15,0,70.05,0,-97.82,30.55,-97.88,30.43,9.2,200,Tornado,#FFAA00
536,1997,5,27,5/27/1997,15:05:00,3,TX,48,3,15,0,70.05,0,-97.82,30.55,-97.88,30.43,9.2,200,Tornado,#FFAA00
537,1997,5,27,5/27/1997,15:50:00,3,TX,48,4,5,1,15,0,-98.02,30.37,-97.98,30.33,5.6,440,Tornado,#FF0000
538,1997,5,27,5/27/1997,16:38:00,3,TX,48,1,0,0,0.01,0,-97.87,30.02,-97.92,29.98,3.5,60,Tornado,#0000FF
539,1997,5,30,5/30/1997,16:54:00,3,TX,48,1,2,0,0.07,0,-97.52,31.42,-97.52,31.35,5,50,Tornado,#0000FF
540,1997,5,30,5/30/1997,16:54:00,3,TX,48,1,2,0,0.07,0,-97.52,31.42,-97.52,31.35,5,50,Tornado,#0000FF
541,1997,6,11,6/11/1997,17:20:00,3,TX,48,1,0,0,0,0,-100.5,35.43,-100.42,35.43,2,100,Tornado,#0000FF
542,1997,6,11,6/11/1997,17:20:00,3,TX,48,1,0,0,0,0,-100.5,35.43,-100.42,35.43,2,100,Tornado,#0000FF
543,1997,6,11,6/11/1997,17:46:00,3,TX,48,3,13,0,1.7,0,-100.45,35.33,-100.38,35.22,9,600,Tornado,#FFAA00
544,1997,6,11,6/11/1997,17:46:00,3,TX,48,3,13,0,1.7,0,-100.45,35.33,-100.38,35.22,9,600,Tornado,#FFAA00
545,1997,6,11,6/11/1997,17:46:00,3,TX,48,3,13,0,1.7,0,-100.45,35.33,-100.38,35.22,9,600,Tornado,#FFAA00
546,1997,6,11,6/11/1997,19:47:00,3,TX,48,1,0,0,0,0,-100.62,35.23,-100.57,35.18,4,200,Tornado,#0000FF
547,1997,6,11,6/11/1997,19:47:00,3,TX,48,1,0,0,0,0,-100.62,35.23,-100.57,35.18,4,200,Tornado,#0000FF
548,1997,6,11,6/11/1997,19:58:00,3,TX,48,1,0,0,0,0,-100.58,35.28,-100.57,35.17,1,200,Tornado,#0000FF
549,1997,6,11,6/11/1997,19:58:00,3,TX,48,1,0,0,0,0,-100.58,35.28,-100.57,35.17,1,200,Tornado,#0000FF
550,1997,6,11,6/11/1997,19:58:00,3,TX,48,1,0,0,0,0,-100.58,35.28,-100.57,35.17,1,200,Tornado,#0000FF
551,1997,6,11,6/11/1997,21:10:00,3,TX,48,1,0,0,0,0,-100.22,34.78,-100.1,34.75,9,100,Tornado,#0000FF
552,1997,6,11,6/11/1997,21:10:00,3,TX,48,1,0,0,0,0,-100.22,34.78,-100.1,34.75,9,100,Tornado,#0000FF
553,1997,6,11,6/11/1997,21:10:00,3,TX,48,1,0,0,0,0,-100.22,34.78,-100.1,34.75,9,100,Tornado,#0000FF
554,1997,6,12,6/12/1997,22:35:00,3,TX,48,1,0,0,0.002,0,-98.45,33.22,-98.38,33.07,11,100,Tornado,#0000FF
555,1997,6,12,6/12/1997,22:35:00,3,TX,48,1,0,0,0.002,0,-98.45,33.22,-98.38,33.07,11,100,Tornado,#0000FF
556,1997,6,12,6/12/1997,22:35:00,3,TX,48,1,0,0,0.002,0,-98.45,33.22,-98.38,33.07,11,100,Tornado,#0000FF
557,1997,6,12,6/12/1997,22:35:00,3,TX,48,1,0,0,0.002,0,-98.45,33.22,-98.38,33.07,11,100,Tornado,#0000FF
558,1997,6,16,6/16/1997,20:50:00,3,TX,48,1,0,0,0.15,0,-98.38,34.03,-98.32,34.13,6.5,100,Tornado,#0000FF
559,1997,6,16,6/16/1997,20:50:00,3,TX,48,1,0,0,0.15,0,-98.38,34.03,-98.32,34.13,6.5,100,Tornado,#0000FF
560,1997,6,16,6/16/1997,20:50:00,3,TX,48,1,0,0,0.15,0,-98.38,34.03,-98.32,34.13,6.5,100,Tornado,#0000FF
561,1997,10,23,10/23/1997,14:32:00,3,TX,48,2,0,0,0.15,0,-95.07,29.9,-95,29.97,7,440,Tornado,#008000
562,1997,10,23,10/23/1997,14:32:00,3,TX,48,2,0,0,0.15,0,-95.07,29.9,-95,29.97,7,440,Tornado,#008000
563,1997,10,23,10/23/1997,14:47:00,3,TX,48,1,0,0,0.05,0,-94.97,29.98,-94.93,30.02,3,440,Tornado,#0000FF
564,1997,10,23,10/23/1997,16:00:00,3,TX,48,2,1,0,0.18,0,-95.35,30.3,-95.27,30.28,5,440,Tornado,#008000
565,1997,10,23,10/23/1997,16:00:00,3,TX,48,2,1,0,0.18,0,-95.35,30.3,-95.27,30.28,5,440,Tornado,#008000
566,1997,10,23,10/23/1997,16:10:00,3,TX,48,1,0,0,0.03,0,-95.3,30.4,-94.98,30.48,20,440,Tornado,#0000FF
567,1997,10,23,10/23/1997,16:10:00,3,TX,48,1,0,0,0.03,0,-95.3,30.4,-94.98,30.48,20,440,Tornado,#0000FF
568,1997,10,23,10/23/1997,16:10:00,3,TX,48,1,0,0,0.03,0,-95.3,30.4,-94.98,30.48,20,440,Tornado,#0000FF
569,1997,10,23,10/23/1997,16:10:00,3,TX,48,1,0,0,0.03,0,-95.3,30.4,-94.98,30.48,20,440,Tornado,#0000FF
570,1997,10,23,10/23/1997,16:10:00,3,TX,48,1,0,0,0.03,0,-95.3,30.4,-94.98,30.48,20,440,Tornado,#0000FF
571,1997,10,23,10/23/1997,16:10:00,3,TX,48,1,0,0,0.03,0,-95.3,30.4,-94.98,30.48,20,440,Tornado,#0000FF
572,1997,10,23,10/23/1997,16:10:00,3,TX,48,1,0,0,0.03,0,-95.3,30.4,-94.98,30.48,20,440,Tornado,#0000FF
573,1997,10,23,10/23/1997,16:10:00,3,TX,48,1,0,0,0.03,0,-95.3,30.4,-94.98,30.48,20,440,Tornado,#0000FF
574,1997,10,23,10/23/1997,16:10:00,3,TX,48,1,0,0,0.03,0,-95.3,30.4,-94.98,30.48,20,440,Tornado,#0000FF
575,1997,10,23,10/23/1997,16:15:00,3,TX,48,0,0,0,0.02,0,-95.25,30.45,-95.22,30.47,2,50,Tornado,#888888
576,1997,10,23,10/23/1997,16:30:00,3,TX,48,1,0,0,0.09,0,-95.35,30.33,-95.28,30.33,4,100,Tornado,#0000FF
577,1997,10,23,10/23/1997,16:30:00,3,TX,48,1,0,0,0.09,0,-95.35,30.33,-95.28,30.33,4,100,Tornado,#0000FF
578,1997,10,23,10/23/1997,17:20:00,3,TX,48,0,0,0,0,0,-94.88,31.52,-94.73,31.58,11,150,Tornado,#888888
579,1997,10,23,10/23/1997,17:20:00,3,TX,48,0,0,0,0,0,-94.88,31.52,-94.73,31.58,11,150,Tornado,#888888
580,1997,10,23,10/23/1997,17:20:00,3,TX,48,0,0,0,0,0,-94.88,31.52,-94.73,31.58,11,150,Tornado,#888888
581,1997,10,23,10/23/1997,17:20:00,3,TX,48,0,0,0,0,0,-94.88,31.52,-94.73,31.58,11,150,Tornado,#888888
582,1997,10,23,10/23/1997,17:35:00,3,TX,48,0,0,0,0.01,0,-94.68,30.57,-94.57,30.67,10,23,Tornado,#888888
583,1997,10,23,10/23/1997,17:35:00,3,TX,48,0,0,0,0.01,0,-94.68,30.57,-94.57,30.67,10,23,Tornado,#888888
584,1997,10,23,10/23/1997,17:35:00,3,TX,48,0,0,0,0.01,0,-94.68,30.57,-94.57,30.67,10,23,Tornado,#888888
585,1997,10,23,10/23/1997,17:35:00,3,TX,48,0,0,0,0.01,0,-94.68,30.57,-94.57,30.67,10,23,Tornado,#888888
586,1997,10,23,10/23/1997,17:45:00,3,TX,48,1,0,0,0.07,0,-94.5,30.7,-94.42,30.72,3,20,Tornado,#0000FF
587,1997,10,23,10/23/1997,17:45:00,3,TX,48,1,0,0,0.07,0,-94.5,30.7,-94.42,30.72,3,20,Tornado,#0000FF
588,1997,10,23,10/23/1997,18:30:00,3,TX,48,1,2,0,0.1,0,-94.08,30.85,-93.95,30.88,5,20,Tornado,#0000FF
589,1997,10,23,10/23/1997,18:30:00,3,TX,48,1,2,0,0.1,0,-94.08,30.85,-93.95,30.88,5,20,Tornado,#0000FF
590,1997,10,23,10/23/1997,18:30:00,3,TX,48,1,2,0,0.1,0,-94.08,30.85,-93.95,30.88,5,20,Tornado,#0000FF
591,1997,11,28,11/28/1997,16:03:00,3,TX,48,1,0,0,0.01,0,-94.28,31.38,-94.25,31.4,1.9,23,Tornado,#0000FF
592,1998,1,5,1/5/1998,22:52:00,3,TX,48,2,0,0,0.12,0,-95.35,32.23,-95.3,32.28,4.2,80,Tornado,#008000
593,1998,1,5,1/5/1998,22:52:00,3,TX,48,2,0,0,0.12,0,-95.35,32.23,-95.3,32.28,4.2,80,Tornado,#008000
594,1998,1,5,1/5/1998,23:34:00,3,TX,48,0,0,0,0,0,-95.17,32.47,-95.1,32.55,5.6,50,Tornado,#888888
595,1998,1,5,1/5/1998,23:34:00,3,TX,48,0,0,0,0,0,-95.17,32.47,-95.1,32.55,5.6,50,Tornado,#888888
596,1998,1,5,1/5/1998,23:34:00,3,TX,48,0,0,0,0,0,-95.17,32.47,-95.1,32.55,5.6,50,Tornado,#888888
597,1998,1,11,1/11/1998,15:59:00,3,TX,48,1,0,0,0,0,-95.05,33.12,-94.92,33.1,7.1,30,Tornado,#0000FF
598,1998,1,11,1/11/1998,15:59:00,3,TX,48,1,0,0,0,0,-95.05,33.12,-94.92,33.1,7.1,30,Tornado,#0000FF
599,1998,1,11,1/11/1998,15:59:00,3,TX,48,1,0,0,0,0,-95.05,33.12,-94.92,33.1,7.1,30,Tornado,#0000FF
600,1998,1,11,1/11/1998,16:04:00,3,TX,48,1,0,0,0,0,-94.93,33.07,-94.82,33.08,6.6,30,Tornado,#0000FF
601,1998,1,11,1/11/1998,16:04:00,3,TX,48,1,0,0,0,0,-94.93,33.07,-94.82,33.08,6.6,30,Tornado,#0000FF
602,1998,1,11,1/11/1998,16:04:00,3,TX,48,1,0,0,0,0,-94.93,33.07,-94.82,33.08,6.6,30,Tornado,#0000FF
603,1998,1,11,1/11/1998,16:30:00,3,TX,48,1,0,0,0.08,0,-96.93,30.15,-96.92,30.2,2.5,400,Tornado,#0000FF
604,1998,1,11,1/11/1998,17:07:00,3,TX,48,1,0,0,0,0,-94.2,33.02,-94,33.05,7,30,Tornado,#0000FF
605,1998,1,11,1/11/1998,17:07:00,3,TX,48,1,0,0,0,0,-94.2,33.02,-94,33.05,7,30,Tornado,#0000FF
606,1998,1,11,1/11/1998,17:07:00,3,TX,48,1,0,0,0,0,-94.2,33.02,-94,33.05,7,30,Tornado,#0000FF
607,1998,1,11,1/11/1998,17:07:00,3,TX,48,1,0,0,0,0,-94.2,33.02,-94,33.05,7,30,Tornado,#0000FF
608,1998,1,11,1/11/1998,17:07:00,3,TX,48,1,0,0,0,0,-94.2,33.02,-94,33.05,7,30,Tornado,#0000FF
609,1998,1,21,1/21/1998,16:44:00,3,TX,48,0,0,0,0.04,0,-96.23,30.48,-96.18,30.47,3,50,Tornado,#888888
610,1998,1,21,1/21/1998,17:25:00,3,TX,48,0,0,0,0.25,0,-95.93,31.07,-95.88,31.1,1,50,Tornado,#888888
611,1998,1,21,1/21/1998,17:34:00,3,TX,48,0,0,0,0.01,0,-95.83,30.55,-95.68,30.55,6.5,80,Tornado,#888888
612,1998,1,21,1/21/1998,17:34:00,3,TX,48,0,0,0,0.01,0,-95.83,30.55,-95.68,30.55,6.5,80,Tornado,#888888
613,1998,1,21,1/21/1998,17:34:00,3,TX,48,0,0,0,0.01,0,-95.83,30.55,-95.68,30.55,6.5,80,Tornado,#888888
614,1998,1,21,1/21/1998,17:34:00,3,TX,48,0,0,0,0.01,0,-95.83,30.55,-95.68,30.55,6.5,80,Tornado,#888888
615,1998,1,21,1/21/1998,17:49:00,3,TX,48,1,0,0,0.2,0,-95.67,30.53,-95.62,30.53,3,200,Tornado,#0000FF
616,1998,2,9,2/9/1998,21:05:00,3,TX,48,1,0,0,0,0,-94.58,32.68,-94.38,32.78,16,50,Tornado,#0000FF
617,1998,2,9,2/9/1998,21:05:00,3,TX,48,1,0,0,0,0,-94.58,32.68,-94.38,32.78,16,50,Tornado,#0000FF
618,1998,2,9,2/9/1998,21:05:00,3,TX,48,1,0,0,0,0,-94.58,32.68,-94.38,32.78,16,50,Tornado,#0000FF
619,1998,2,9,2/9/1998,21:05:00,3,TX,48,1,0,0,0,0,-94.58,32.68,-94.38,32.78,16,50,Tornado,#0000FF
620,1998,2,9,2/9/1998,21:05:00,3,TX,48,1,0,0,0,0,-94.58,32.68,-94.38,32.78,16,50,Tornado,#0000FF
621,1998,2,9,2/9/1998,21:05:00,3,TX,48,1,0,0,0,0,-94.58,32.68,-94.38,32.78,16,50,Tornado,#0000FF
622,1998,2,25,2/25/1998,21:20:00,3,TX,48,1,0,0,0.05,0,-98.8,29.25,-98.73,29.22,2.5,300,Tornado,#0000FF
623,1998,2,25,2/25/1998,21:20:00,3,TX,48,1,0,0,0.05,0,-98.8,29.25,-98.73,29.22,2.5,300,Tornado,#0000FF
624,1998,6,5,6/5/1998,15:48:00,3,TX,48,0,0,0,0,0,-97.67,29.82,-97.6,29.83,0.5,100,Tornado,#888888
625,1998,6,5,6/5/1998,15:48:00,3,TX,48,0,0,0,0,0,-97.67,29.82,-97.6,29.83,0.5,100,Tornado,#888888
626,1998,8,3,8/3/1998,14:19:00,3,TX,48,1,0,0,0.05,0,-95.12,32.73,-95.12,32.77,0.7,30,Tornado,#0000FF
627,1998,10,2,10/2/1998,16:16:00,3,TX,48,1,3,0,0.7,0,-98.67,33.15,-98.58,33.08,7,400,Tornado,#0000FF
628,1998,10,2,10/2/1998,16:16:00,3,TX,48,1,3,0,0.7,0,-98.67,33.15,-98.58,33.08,7,400,Tornado,#0000FF
629,1998,10,2,10/2/1998,16:16:00,3,TX,48,1,3,0,0.7,0,-98.67,33.15,-98.58,33.08,7,400,Tornado,#0000FF
630,1998,10,6,10/6/1998,6:20:00,3,TX,48,0,0,0,0.01,0,-95.83,29.4,-95.75,29.52,10,50,Tornado,#888888
631,1998,10,6,10/6/1998,6:20:00,3,TX,48,0,0,0,0.01,0,-95.83,29.4,-95.75,29.52,10,50,Tornado,#888888
632,1998,10,6,10/6/1998,6:20:00,3,TX,48,0,0,0,0.01,0,-95.83,29.4,-95.75,29.52,10,50,Tornado,#888888
633,1998,10,6,10/6/1998,6:20:00,3,TX,48,0,0,0,0.01,0,-95.83,29.4,-95.75,29.52,10,50,Tornado,#888888
634,1998,10,17,10/17/1998,14:20:00,3,TX,48,1,0,0,0.5,0,-96.72,30.5,-96.72,30.57,5,80,Tornado,#0000FF
635,1998,10,17,10/17/1998,14:20:00,3,TX,48,1,0,0,0.5,0,-96.72,30.5,-96.72,30.57,5,80,Tornado,#0000FF
636,1998,10,17,10/17/1998,14:28:00,3,TX,48,2,0,0,1.5,0,-96.68,30.5,-96.68,30.55,3.5,100,Tornado,#008000
637,1998,10,17,10/17/1998,15:40:00,3,TX,48,1,0,0,0.02,0,-96.25,30.6,-96.23,30.68,3.5,80,Tornado,#0000FF
638,1998,10,17,10/17/1998,15:40:00,3,TX,48,1,0,0,0.02,0,-96.25,30.6,-96.23,30.68,3.5,80,Tornado,#0000FF
639,1999,1,1,1/1/1999,13:00:00,3,TX,48,1,7,0,0.12,0,-95.53,30.75,-95.5,30.77,2.5,0,Tornado,#0000FF
640,1999,1,1,1/1/1999,13:41:00,3,TX,48,2,0,0,0.75,0,-95.38,30.83,-95.38,30.77,5,500,Tornado,#008000
641,1999,1,1,1/1/1999,21:58:00,3,TX,48,1,0,0,0.01,0,-94.23,32.23,-94.15,32.25,5.3,50,Tornado,#0000FF
642,1999,1,1,1/1/1999,21:58:00,3,TX,48,1,0,0,0.01,0,-94.23,32.23,-94.15,32.25,5.3,50,Tornado,#0000FF
643,1999,1,1,1/1/1999,22:33:00,3,TX,48,1,0,0,0.07,0,-95.23,30.1,-95.08,30.23,8,0,Tornado,#0000FF
644,1999,1,1,1/1/1999,22:33:00,3,TX,48,1,0,0,0.07,0,-95.23,30.1,-95.08,30.23,8,0,Tornado,#0000FF
645,1999,1,1,1/1/1999,22:33:00,3,TX,48,1,0,0,0.07,0,-95.23,30.1,-95.08,30.23,8,0,Tornado,#0000FF
646,1999,1,1,1/1/1999,22:33:00,3,TX,48,1,0,0,0.07,0,-95.23,30.1,-95.08,30.23,8,0,Tornado,#0000FF
647,1999,1,1,1/1/1999,22:33:00,3,TX,48,1,0,0,0.07,0,-95.23,30.1,-95.08,30.23,8,0,Tornado,#0000FF
648,1999,1,1,1/1/1999,23:40:00,3,TX,48,2,0,0,0.18,0,-94.42,29.97,-94.43,30.03,4,100,Tornado,#008000
649,1999,1,1,1/1/1999,23:45:00,3,TX,48,3,5,0,0.5,0,-94.45,30,-94.4,30.05,5.5,400,Tornado,#FFAA00
650,1999,1,1,1/1/1999,23:45:00,3,TX,48,3,5,0,0.5,0,-94.45,30,-94.4,30.05,5.5,400,Tornado,#FFAA00
651,1999,1,2,1/2/1999,0:45:00,3,TX,48,2,10,1,1.27,0,-93.97,30.35,-93.77,30.52,4.5,250,Tornado,#008000
652,1999,1,2,1/2/1999,0:45:00,3,TX,48,2,10,1,1.27,0,-93.97,30.35,-93.77,30.52,4.5,250,Tornado,#008000
653,1999,1,2,1/2/1999,0:45:00,3,TX,48,2,10,1,1.27,0,-93.97,30.35,-93.77,30.52,4.5,250,Tornado,#008000
654,1999,1,2,1/2/1999,0:45:00,3,TX,48,2,10,1,1.27,0,-93.97,30.35,-93.77,30.52,4.5,250,Tornado,#008000
655,1999,1,2,1/2/1999,0:45:00,3,TX,48,2,10,1,1.27,0,-93.97,30.35,-93.77,30.52,4.5,250,Tornado,#008000
656,1999,1,2,1/2/1999,0:45:00,3,TX,48,2,10,1,1.27,0,-93.97,30.35,-93.77,30.52,4.5,250,Tornado,#008000
657,1999,1,2,1/2/1999,0:45:00,3,TX,48,2,10,1,1.27,0,-93.97,30.35,-93.77,30.52,4.5,250,Tornado,#008000
658,1999,1,29,1/29/1999,14:20:00,3,TX,48,2,0,0,0.04,0,-94.18,30.62,-94.03,30.73,17,300,Tornado,#008000
659,1999,1,29,1/29/1999,14:20:00,3,TX,48,2,0,0,0.04,0,-94.18,30.62,-94.03,30.73,17,300,Tornado,#008000
660,1999,1,29,1/29/1999,14:20:00,3,TX,48,2,0,0,0.04,0,-94.18,30.62,-94.03,30.73,17,300,Tornado,#008000
661,1999,1,29,1/29/1999,14:20:00,3,TX,48,2,0,0,0.04,0,-94.18,30.62,-94.03,30.73,17,300,Tornado,#008000
662,1999,1,29,1/29/1999,14:20:00,3,TX,48,2,0,0,0.04,0,-94.18,30.62,-94.03,30.73,17,300,Tornado,#008000
663,1999,3,2,3/2/1999,17:30:00,3,TX,48,2,0,0,0.36,0,-94.42,31.68,-94.23,31.62,5.5,150,Tornado,#008000
664,1999,3,2,3/2/1999,17:30:00,3,TX,48,2,0,0,0.36,0,-94.42,31.68,-94.23,31.62,5.5,150,Tornado,#008000
665,1999,3,2,3/2/1999,17:30:00,3,TX,48,2,0,0,0.36,0,-94.42,31.68,-94.23,31.62,5.5,150,Tornado,#008000
666,1999,3,2,3/2/1999,17:30:00,3,TX,48,2,0,0,0.36,0,-94.42,31.68,-94.23,31.62,5.5,150,Tornado,#008000
667,1999,3,2,3/2/1999,17:30:00,3,TX,48,2,0,0,0.36,0,-94.42,31.68,-94.23,31.62,5.5,150,Tornado,#008000
668,1999,3,2,3/2/1999,17:52:00,3,TX,48,1,0,0,0.05,0,-93.85,30.93,-93.8,30.88,5,50,Tornado,#0000FF
669,1999,3,2,3/2/1999,17:52:00,3,TX,48,1,0,0,0.05,0,-93.85,30.93,-93.8,30.88,5,50,Tornado,#0000FF
670,1999,3,2,3/2/1999,18:20:00,3,TX,48,0,0,0,0.07,0,-93.92,30.68,-93.95,30.57,3,30,Tornado,#888888
671,1999,3,2,3/2/1999,18:20:00,3,TX,48,0,0,0,0.07,0,-93.92,30.68,-93.95,30.57,3,30,Tornado,#888888
672,1999,3,2,3/2/1999,18:20:00,3,TX,48,0,0,0,0.07,0,-93.92,30.68,-93.95,30.57,3,30,Tornado,#888888
673,1999,3,2,3/2/1999,18:45:00,3,TX,48,1,0,0,0.01,0,-93.88,30.92,-93.85,30.8,5,20,Tornado,#0000FF
674,1999,3,2,3/2/1999,18:45:00,3,TX,48,1,0,0,0.01,0,-93.88,30.92,-93.85,30.8,5,20,Tornado,#0000FF
675,1999,3,2,3/2/1999,18:45:00,3,TX,48,1,0,0,0.01,0,-93.88,30.92,-93.85,30.8,5,20,Tornado,#0000FF
676,1999,3,2,3/2/1999,18:55:00,3,TX,48,3,6,1,0.75,0,-93.9,30.9,-93.82,30.9,12,500,Tornado,#FFAA00
677,1999,3,2,3/2/1999,18:55:00,3,TX,48,3,6,1,0.75,0,-93.9,30.9,-93.82,30.9,12,500,Tornado,#FFAA00
678,1999,3,12,3/12/1999,14:15:00,3,TX,48,2,0,0,0.1,0,-99.18,31,-99.15,30.98,2,0,Tornado,#008000
679,1999,3,12,3/12/1999,14:40:00,3,TX,48,2,0,0,0.3,0,-99.05,31.07,-98.85,31.07,8,100,Tornado,#008000
680,1999,3,12,3/12/1999,14:40:00,3,TX,48,2,0,0,0.3,0,-99.05,31.07,-98.85,31.07,8,100,Tornado,#008000
681,1999,3,12,3/12/1999,14:40:00,3,TX,48,2,0,0,0.3,0,-99.05,31.07,-98.85,31.07,8,100,Tornado,#008000
682,1999,3,12,3/12/1999,14:40:00,3,TX,48,2,0,0,0.3,0,-99.05,31.07,-98.85,31.07,8,100,Tornado,#008000
683,1999,3,12,3/12/1999,14:40:00,3,TX,48,2,0,0,0.3,0,-99.05,31.07,-98.85,31.07,8,100,Tornado,#008000
684,1999,3,12,3/12/1999,22:10:00,3,TX,48,1,0,0,0.1,0,-94.43,30.57,-94.4,30.55,3,20,Tornado,#0000FF
685,1999,3,27,3/27/1999,17:10:00,3,TX,48,0,0,0,0,0,-101.12,30.22,-101.08,30.22,0.2,30,Tornado,#888888
686,1999,4,3,4/3/1999,15:51:00,3,TX,48,3,1,0,0.52,0,-94.03,31.95,-93.97,32,5.4,150,Tornado,#FFAA00
687,1999,4,3,4/3/1999,15:51:00,3,TX,48,3,1,0,0.52,0,-94.03,31.95,-93.97,32,5.4,150,Tornado,#FFAA00
688,1999,4,4,4/4/1999,17:40:00,3,TX,48,2,0,0,0.01,0,-95.32,31.78,-95.27,31.83,4.5,50,Tornado,#008000
689,1999,4,4,4/4/1999,17:40:00,3,TX,48,2,0,0,0.01,0,-95.32,31.78,-95.27,31.83,4.5,50,Tornado,#008000
690,1999,4,13,4/13/1999,16:00:00,3,TX,48,0,0,0,0,0,-102.23,31.2,-102.13,31.22,3,100,Tornado,#888888
691,1999,4,13,4/13/1999,16:00:00,3,TX,48,0,0,0,0,0,-102.23,31.2,-102.13,31.22,3,100,Tornado,#888888
692,1999,4,13,4/13/1999,16:00:00,3,TX,48,0,0,0,0,0,-102.23,31.2,-102.13,31.22,3,100,Tornado,#888888
693,1999,4,26,4/26/1999,12:12:00,3,TX,48,1,0,0,0.19,0,-94.7,31.62,-94.62,31.65,5.4,100,Tornado,#0000FF
694,1999,4,26,4/26/1999,12:12:00,3,TX,48,1,0,0,0.19,0,-94.7,31.62,-94.62,31.65,5.4,100,Tornado,#0000FF
695,1999,4,26,4/26/1999,12:30:00,3,TX,48,1,0,0,0.03,0,-94.37,32.15,-94.35,32.18,3,100,Tornado,#0000FF
696,1999,4,26,4/26/1999,16:35:00,3,TX,48,0,0,0,0,0,-97.67,26.32,-97.65,26.28,1.8,30,Tornado,#888888
697,1999,4,30,4/30/1999,10:40:00,3,TX,48,2,0,0,0.02,0,-103.68,31.77,-103.75,31.83,6,170,Tornado,#008000
698,1999,4,30,4/30/1999,10:40:00,3,TX,48,2,0,0,0.02,0,-103.68,31.77,-103.75,31.83,6,170,Tornado,#008000
699,1999,5,4,5/4/1999,1:55:00,3,TX,48,2,0,0,0.01,0,-100.73,30.95,-100.5,30.95,23,250,Tornado,#008000
700,1999,5,4,5/4/1999,1:55:00,3,TX,48,2,0,0,0.01,0,-100.73,30.95,-100.5,30.95,23,250,Tornado,#008000
701,1999,5,4,5/4/1999,1:55:00,3,TX,48,2,0,0,0.01,0,-100.73,30.95,-100.5,30.95,23,250,Tornado,#008000
702,1999,5,4,5/4/1999,1:55:00,3,TX,48,2,0,0,0.01,0,-100.73,30.95,-100.5,30.95,23,250,Tornado,#008000
703,1999,5,4,5/4/1999,1:55:00,3,TX,48,2,0,0,0.01,0,-100.73,30.95,-100.5,30.95,23,250,Tornado,#008000
704,1999,5,4,5/4/1999,1:55:00,3,TX,48,2,0,0,0.01,0,-100.73,30.95,-100.5,30.95,23,250,Tornado,#008000
705,1999,5,4,5/4/1999,11:45:00,3,TX,48,2,7,0,0.6,0,-95.05,33.83,-94.95,34,14.6,100,Tornado,#008000
706,1999,5,4,5/4/1999,11:45:00,3,TX,48,2,7,0,0.6,0,-95.05,33.83,-94.95,34,14.6,100,Tornado,#008000
707,1999,5,4,5/4/1999,11:45:00,3,TX,48,2,7,0,0.6,0,-95.05,33.83,-94.95,34,14.6,100,Tornado,#008000
708,1999,5,4,5/4/1999,11:45:00,3,TX,48,2,7,0,0.6,0,-95.05,33.83,-94.95,34,14.6,100,Tornado,#008000
709,1999,5,4,5/4/1999,11:45:00,3,TX,48,2,7,0,0.6,0,-95.05,33.83,-94.95,34,14.6,100,Tornado,#008000
710,1999,5,4,5/4/1999,13:04:00,3,TX,48,3,22,1,125.34,0,-95.17,33.18,-94.18,33.83,71.5,50,Tornado,#FFAA00
711,1999,5,4,5/4/1999,13:04:00,3,TX,48,3,22,1,125.34,0,-95.17,33.18,-94.18,33.83,71.5,50,Tornado,#FFAA00
712,1999,5,4,5/4/1999,13:04:00,3,TX,48,3,22,1,125.34,0,-95.17,33.18,-94.18,33.83,71.5,50,Tornado,#FFAA00
713,1999,5,4,5/4/1999,13:04:00,3,TX,48,3,22,1,125.34,0,-95.17,33.18,-94.18,33.83,71.5,50,Tornado,#FFAA00
714,1999,5,4,5/4/1999,13:04:00,3,TX,48,3,22,1,125.34,0,-95.17,33.18,-94.18,33.83,71.5,50,Tornado,#FFAA00
715,1999,5,4,5/4/1999,13:04:00,3,TX,48,3,22,1,125.34,0,-95.17,33.18,-94.18,33.83,71.5,50,Tornado,#FFAA00
716,1999,5,4,5/4/1999,13:04:00,3,TX,48,3,22,1,125.34,0,-95.17,33.18,-94.18,33.83,71.5,50,Tornado,#FFAA00
717,1999,5,4,5/4/1999,13:04:00,3,TX,48,3,22,1,125.34,0,-95.17,33.18,-94.18,33.83,71.5,50,Tornado,#FFAA00
718,1999,5,4,5/4/1999,13:04:00,3,TX,48,3,22,1,125.34,0,-95.17,33.18,-94.18,33.83,71.5,50,Tornado,#FFAA00
719,1999,5,4,5/4/1999,13:04:00,3,TX,48,3,22,1,125.34,0,-95.17,33.18,-94.18,33.83,71.5,50,Tornado,#FFAA00
720,1999,5,4,5/4/1999,13:04:00,3,TX,48,3,22,1,125.34,0,-95.17,33.18,-94.18,33.83,71.5,50,Tornado,#FFAA00
721,1999,5,4,5/4/1999,13:04:00,3,TX,48,3,22,1,125.34,0,-95.17,33.18,-94.18,33.83,71.5,50,Tornado,#FFAA00
722,1999,5,4,5/4/1999,13:04:00,3,TX,48,3,22,1,125.34,0,-95.17,33.18,-94.18,33.83,71.5,50,Tornado,#FFAA00
723,1999,5,4,5/4/1999,13:04:00,3,TX,48,3,22,1,125.34,0,-95.17,33.18,-94.18,33.83,71.5,50,Tornado,#FFAA00
724,1999,5,4,5/4/1999,13:04:00,3,TX,48,3,22,1,125.34,0,-95.17,33.18,-94.18,33.83,71.5,50,Tornado,#FFAA00
725,1999,5,4,5/4/1999,13:04:00,3,TX,48,3,22,1,125.34,0,-95.17,33.18,-94.18,33.83,71.5,50,Tornado,#FFAA00
726,1999,5,4,5/4/1999,13:04:00,3,TX,48,3,22,1,125.34,0,-95.17,33.18,-94.18,33.83,71.5,50,Tornado,#FFAA00
727,1999,5,4,5/4/1999,13:04:00,3,TX,48,3,22,1,125.34,0,-95.17,33.18,-94.18,33.83,71.5,50,Tornado,#FFAA00
728,1999,5,4,5/4/1999,13:04:00,3,TX,48,3,22,1,125.34,0,-95.17,33.18,-94.18,33.83,71.5,50,Tornado,#FFAA00
729,1999,5,4,5/4/1999,13:04:00,3,TX,48,3,22,1,125.34,0,-95.17,33.18,-94.18,33.83,71.5,50,Tornado,#FFAA00
730,1999,5,4,5/4/1999,13:04:00,3,TX,48,3,22,1,125.34,0,-95.17,33.18,-94.18,33.83,71.5,50,Tornado,#FFAA00
731,1999,5,4,5/4/1999,13:04:00,3,TX,48,3,22,1,125.34,0,-95.17,33.18,-94.18,33.83,71.5,50,Tornado,#FFAA00
732,1999,5,4,5/4/1999,13:04:00,3,TX,48,3,22,1,125.34,0,-95.17,33.18,-94.18,33.83,71.5,50,Tornado,#FFAA00
733,1999,5,4,5/4/1999,13:04:00,3,TX,48,3,22,1,125.34,0,-95.17,33.18,-94.18,33.83,71.5,50,Tornado,#FFAA00
734,1999,5,4,5/4/1999,13:04:00,3,TX,48,3,22,1,125.34,0,-95.17,33.18,-94.18,33.83,71.5,50,Tornado,#FFAA00
735,1999,5,4,5/4/1999,13:04:00,3,TX,48,3,22,1,125.34,0,-95.17,33.18,-94.18,33.83,71.5,50,Tornado,#FFAA00
736,1999,5,4,5/4/1999,13:04:00,3,TX,48,3,22,1,125.34,0,-95.17,33.18,-94.18,33.83,71.5,50,Tornado,#FFAA00
737,1999,5,4,5/4/1999,13:04:00,3,TX,48,3,22,1,125.34,0,-95.17,33.18,-94.18,33.83,71.5,50,Tornado,#FFAA00
738,1999,5,4,5/4/1999,13:04:00,3,TX,48,3,22,1,125.34,0,-95.17,33.18,-94.18,33.83,71.5,50,Tornado,#FFAA00
739,1999,5,4,5/4/1999,13:04:00,3,TX,48,3,22,1,125.34,0,-95.17,33.18,-94.18,33.83,71.5,50,Tornado,#FFAA00
740,1999,5,4,5/4/1999,13:04:00,3,TX,48,3,22,1,125.34,0,-95.17,33.18,-94.18,33.83,71.5,50,Tornado,#FFAA00
741,1999,5,4,5/4/1999,13:04:00,3,TX,48,3,22,1,125.34,0,-95.17,33.18,-94.18,33.83,71.5,50,Tornado,#FFAA00
742,1999,5,4,5/4/1999,13:04:00,3,TX,48,3,22,1,125.34,0,-95.17,33.18,-94.18,33.83,71.5,50,Tornado,#FFAA00
743,1999,5,4,5/4/1999,13:04:00,3,TX,48,3,22,1,125.34,0,-95.17,33.18,-94.18,33.83,71.5,50,Tornado,#FFAA00
744,1999,5,4,5/4/1999,14:06:00,3,TX,48,2,2,0,19,0,-94.88,32.38,-94.67,32.43,9.7,0,Tornado,#008000
745,1999,5,4,5/4/1999,14:06:00,3,TX,48,2,2,0,19,0,-94.88,32.38,-94.67,32.43,9.7,0,Tornado,#008000
746,1999,5,4,5/4/1999,14:06:00,3,TX,48,2,2,0,19,0,-94.88,32.38,-94.67,32.43,9.7,0,Tornado,#008000
747,1999,5,4,5/4/1999,14:06:00,3,TX,48,2,2,0,19,0,-94.88,32.38,-94.67,32.43,9.7,0,Tornado,#008000
748,1999,5,4,5/4/1999,14:06:00,3,TX,48,2,2,0,19,0,-94.88,32.38,-94.67,32.43,9.7,0,Tornado,#008000
749,1999,5,4,5/4/1999,14:06:00,3,TX,48,2,2,0,19,0,-94.88,32.38,-94.67,32.43,9.7,0,Tornado,#008000
750,1999,5,4,5/4/1999,14:40:00,3,TX,48,0,0,0,0,0,-94.62,32.52,-94.58,32.55,2.2,0,Tornado,#888888
751,1999,5,4,5/4/1999,14:50:00,3,TX,48,1,0,0,0,0,-94.55,32.55,-94.65,32.58,4.6,50,Tornado,#0000FF
752,1999,5,4,5/4/1999,14:50:00,3,TX,48,1,0,0,0,0,-94.55,32.55,-94.65,32.58,4.6,50,Tornado,#0000FF
753,1999,5,4,5/4/1999,14:50:00,3,TX,48,1,0,0,0,0,-94.55,32.55,-94.65,32.58,4.6,50,Tornado,#0000FF
754,1999,5,4,5/4/1999,18:52:00,3,TX,48,2,0,0,0,0,-95.1,31.75,-94.73,31.65,22.7,200,Tornado,#008000
755,1999,5,4,5/4/1999,18:52:00,3,TX,48,2,0,0,0,0,-95.1,31.75,-94.73,31.65,22.7,200,Tornado,#008000
756,1999,5,4,5/4/1999,18:52:00,3,TX,48,2,0,0,0,0,-95.1,31.75,-94.73,31.65,22.7,200,Tornado,#008000
757,1999,5,4,5/4/1999,18:52:00,3,TX,48,2,0,0,0,0,-95.1,31.75,-94.73,31.65,22.7,200,Tornado,#008000
758,1999,5,4,5/4/1999,18:52:00,3,TX,48,2,0,0,0,0,-95.1,31.75,-94.73,31.65,22.7,200,Tornado,#008000
759,1999,5,4,5/4/1999,18:52:00,3,TX,48,2,0,0,0,0,-95.1,31.75,-94.73,31.65,22.7,200,Tornado,#008000
760,1999,5,4,5/4/1999,18:52:00,3,TX,48,2,0,0,0,0,-95.1,31.75,-94.73,31.65,22.7,200,Tornado,#008000
761,1999,5,4,5/4/1999,18:52:00,3,TX,48,2,0,0,0,0,-95.1,31.75,-94.73,31.65,22.7,200,Tornado,#008000
762,1999,5,4,5/4/1999,18:52:00,3,TX,48,2,0,0,0,0,-95.1,31.75,-94.73,31.65,22.7,200,Tornado,#008000
763,1999,5,4,5/4/1999,18:52:00,3,TX,48,2,0,0,0,0,-95.1,31.75,-94.73,31.65,22.7,200,Tornado,#008000
764,1999,5,4,5/4/1999,18:52:00,3,TX,48,2,0,0,0,0,-95.1,31.75,-94.73,31.65,22.7,200,Tornado,#008000
765,1999,5,10,5/10/1999,6:50:00,3,TX,48,1,0,0,0.05,0,-94.37,30.82,-94.32,30.87,4.5,50,Tornado,#0000FF
766,1999,5,10,5/10/1999,6:50:00,3,TX,48,1,0,0,0.05,0,-94.37,30.82,-94.32,30.87,4.5,50,Tornado,#0000FF
767,1999,5,10,5/10/1999,6:55:00,3,TX,48,0,0,0,0.05,0,-94.17,30.35,-94.15,30.38,2,50,Tornado,#888888
768,1999,5,10,5/10/1999,7:05:00,3,TX,48,0,0,0,0.02,0,-94.1,30.83,-94.07,30.85,2,0,Tornado,#888888
769,1999,5,10,5/10/1999,7:10:00,3,TX,48,1,0,0,0.1,0,-94.03,30.38,-93.98,30.42,3,50,Tornado,#0000FF
770,1999,5,10,5/10/1999,7:40:00,3,TX,48,0,0,0,0.03,0,-93.67,31,-93.63,31.02,2,0,Tornado,#888888
771,1999,5,11,5/11/1999,17:05:00,3,TX,48,4,6,1,0.75,0,-99.1,30.68,-99,30.65,7,1400,Tornado,#FF0000
772,1999,5,11,5/11/1999,17:05:00,3,TX,48,4,6,1,0.75,0,-99.1,30.68,-99,30.65,7,1400,Tornado,#FF0000
773,1999,5,11,5/11/1999,17:05:00,3,TX,48,4,6,1,0.75,0,-99.1,30.68,-99,30.65,7,1400,Tornado,#FF0000
774,1999,5,11,5/11/1999,19:20:00,3,TX,48,3,0,0,1,0,-99.2,30.3,-99.18,30.25,3.5,200,Tornado,#FFAA00
775,1999,5,20,5/20/1999,17:44:00,3,TX,48,0,0,0,0,0,-100.9,35.2,-101.02,35.17,0.5,50,Tornado,#888888
776,1999,5,20,5/20/1999,17:44:00,3,TX,48,0,0,0,0,0,-100.9,35.2,-101.02,35.17,0.5,50,Tornado,#888888
777,1999,5,20,5/20/1999,17:44:00,3,TX,48,0,0,0,0,0,-100.9,35.2,-101.02,35.17,0.5,50,Tornado,#888888
778,1999,5,25,5/25/1999,16:35:00,3,TX,48,1,0,0,0.12,0,-94.18,30.82,-94.12,30.82,3,20,Tornado,#0000FF
779,1999,5,25,5/25/1999,17:05:00,3,TX,48,0,0,0,0.01,0,-102.02,35.07,-101.97,35.08,1,0,Tornado,#888888
780,1999,5,27,5/27/1999,17:15:00,3,TX,48,0,0,0,0.01,0,-93.97,30.53,-93.92,30.52,1,10,Tornado,#888888
781,1999,12,4,12/4/1999,14:06:00,3,TX,48,0,0,0,0,0,-94.57,33.32,-94.53,33.33,2.1,0,Tornado,#888888
782,2000,2,24,2/24/2000,20:13:00,3,TX,48,1,0,0,0.09,0,-100.13,36.33,-99.83,36.67,27,150,Tornado,#0000FF
783,2000,2,24,2/24/2000,20:13:00,3,TX,48,1,0,0,0.09,0,-100.13,36.33,-99.83,36.67,27,150,Tornado,#0000FF
784,2000,2,24,2/24/2000,20:13:00,3,TX,48,1,0,0,0.09,0,-100.13,36.33,-99.83,36.67,27,150,Tornado,#0000FF
785,2000,2,24,2/24/2000,20:13:00,3,TX,48,1,0,0,0.09,0,-100.13,36.33,-99.83,36.67,27,150,Tornado,#0000FF
786,2000,2,24,2/24/2000,20:13:00,3,TX,48,1,0,0,0.09,0,-100.13,36.33,-99.83,36.67,27,150,Tornado,#0000FF
787,2000,2,24,2/24/2000,20:13:00,3,TX,48,1,0,0,0.09,0,-100.13,36.33,-99.83,36.67,27,150,Tornado,#0000FF
788,2000,2,24,2/24/2000,20:13:00,3,TX,48,1,0,0,0.09,0,-100.13,36.33,-99.83,36.67,27,150,Tornado,#0000FF
789,2000,2,24,2/24/2000,20:13:00,3,TX,48,1,0,0,0.09,0,-100.13,36.33,-99.83,36.67,27,150,Tornado,#0000FF
790,2000,2,24,2/24/2000,20:13:00,3,TX,48,1,0,0,0.09,0,-100.13,36.33,-99.83,36.67,27,150,Tornado,#0000FF
791,2000,2,24,2/24/2000,20:13:00,3,TX,48,1,0,0,0.09,0,-100.13,36.33,-99.83,36.67,27,150,Tornado,#0000FF
792,2000,2,24,2/24/2000,20:13:00,3,TX,48,1,0,0,0.09,0,-100.13,36.33,-99.83,36.67,27,150,Tornado,#0000FF
793,2000,2,24,2/24/2000,20:13:00,3,TX,48,1,0,0,0.09,0,-100.13,36.33,-99.83,36.67,27,150,Tornado,#0000FF
794,2000,2,24,2/24/2000,20:13:00,3,TX,48,1,0,0,0.09,0,-100.13,36.33,-99.83,36.67,27,150,Tornado,#0000FF
795,2000,3,2,3/2/2000,2:07:00,3,TX,48,1,0,0,0,0,-102.07,32.63,-102.08,32.73,2,200,Tornado,#0000FF
796,2000,3,2,3/2/2000,2:07:00,3,TX,48,1,0,0,0,0,-102.07,32.63,-102.08,32.73,2,200,Tornado,#0000FF
797,2000,3,10,3/10/2000,19:55:00,3,TX,48,3,2,0,1,0,-96.68,30.42,-96.35,30.4,21,800,Tornado,#FFAA00
798,2000,3,10,3/10/2000,19:55:00,3,TX,48,3,2,0,1,0,-96.68,30.42,-96.35,30.4,21,800,Tornado,#FFAA00
799,2000,3,10,3/10/2000,19:55:00,3,TX,48,3,2,0,1,0,-96.68,30.42,-96.35,30.4,21,800,Tornado,#FFAA00
800,2000,3,10,3/10/2000,19:55:00,3,TX,48,3,2,0,1,0,-96.68,30.42,-96.35,30.4,21,800,Tornado,#FFAA00
801,2000,3,10,3/10/2000,19:55:00,3,TX,48,3,2,0,1,0,-96.68,30.42,-96.35,30.4,21,800,Tornado,#FFAA00
802,2000,3,10,3/10/2000,19:55:00,3,TX,48,3,2,0,1,0,-96.68,30.42,-96.35,30.4,21,800,Tornado,#FFAA00
803,2000,3,10,3/10/2000,19:55:00,3,TX,48,3,2,0,1,0,-96.68,30.42,-96.35,30.4,21,800,Tornado,#FFAA00
804,2000,3,10,3/10/2000,19:55:00,3,TX,48,3,2,0,1,0,-96.68,30.42,-96.35,30.4,21,800,Tornado,#FFAA00
805,2000,3,10,3/10/2000,19:55:00,3,TX,48,3,2,0,1,0,-96.68,30.42,-96.35,30.4,21,800,Tornado,#FFAA00
806,2000,3,22,3/22/2000,18:25:00,3,TX,48,0,0,0,0,0,-101.02,32.4,-100.88,32.48,4,250,Tornado,#888888
807,2000,3,22,3/22/2000,18:25:00,3,TX,48,0,0,0,0,0,-101.02,32.4,-100.88,32.48,4,250,Tornado,#888888
808,2000,3,22,3/22/2000,18:25:00,3,TX,48,0,0,0,0,0,-101.02,32.4,-100.88,32.48,4,250,Tornado,#888888
809,2000,3,22,3/22/2000,18:25:00,3,TX,48,0,0,0,0,0,-101.02,32.4,-100.88,32.48,4,250,Tornado,#888888
810,2000,3,22,3/22/2000,19:05:00,3,TX,48,0,0,0,0,0,-101.13,32.12,-101.02,32.15,2,200,Tornado,#888888
811,2000,3,22,3/22/2000,19:05:00,3,TX,48,0,0,0,0,0,-101.13,32.12,-101.02,32.15,2,200,Tornado,#888888
812,2000,3,22,3/22/2000,19:05:00,3,TX,48,0,0,0,0,0,-101.13,32.12,-101.02,32.15,2,200,Tornado,#888888
813,2000,3,22,3/22/2000,19:25:00,3,TX,48,0,0,0,0,0,-101.62,31.77,-101.57,31.82,5,150,Tornado,#888888
814,2000,3,22,3/22/2000,19:25:00,3,TX,48,0,0,0,0,0,-101.62,31.77,-101.57,31.82,5,150,Tornado,#888888
815,2000,3,22,3/22/2000,22:25:00,3,TX,48,1,0,0,0,0,-101.68,31.23,-101.63,31.37,10,200,Tornado,#0000FF
816,2000,3,22,3/22/2000,22:25:00,3,TX,48,1,0,0,0,0,-101.68,31.23,-101.63,31.37,10,200,Tornado,#0000FF
817,2000,3,22,3/22/2000,22:25:00,3,TX,48,1,0,0,0,0,-101.68,31.23,-101.63,31.37,10,200,Tornado,#0000FF
818,2000,3,22,3/22/2000,22:25:00,3,TX,48,1,0,0,0,0,-101.68,31.23,-101.63,31.37,10,200,Tornado,#0000FF
819,2000,3,22,3/22/2000,22:55:00,3,TX,48,2,5,0,0.24,0,-101.58,31.57,-101.42,31.7,12,300,Tornado,#008000
820,2000,3,22,3/22/2000,22:55:00,3,TX,48,2,5,0,0.24,0,-101.58,31.57,-101.42,31.7,12,300,Tornado,#008000
821,2000,3,22,3/22/2000,22:55:00,3,TX,48,2,5,0,0.24,0,-101.58,31.57,-101.42,31.7,12,300,Tornado,#008000
822,2000,3,22,3/22/2000,22:55:00,3,TX,48,2,5,0,0.24,0,-101.58,31.57,-101.42,31.7,12,300,Tornado,#008000
823,2000,3,22,3/22/2000,22:55:00,3,TX,48,2,5,0,0.24,0,-101.58,31.57,-101.42,31.7,12,300,Tornado,#008000
824,2000,3,22,3/22/2000,22:55:00,3,TX,48,2,5,0,0.24,0,-101.58,31.57,-101.42,31.7,12,300,Tornado,#008000
825,2000,3,26,3/26/2000,21:28:00,3,TX,48,1,0,0,0.002,0,-94.78,33.63,-94.72,33.58,4.8,20,Tornado,#0000FF
826,2000,3,26,3/26/2000,21:28:00,3,TX,48,1,0,0,0.002,0,-94.78,33.63,-94.72,33.58,4.8,20,Tornado,#0000FF
827,2000,3,26,3/26/2000,21:53:00,3,TX,48,0,0,0,0,0,-94.45,33.25,-94.38,33.13,1.8,20,Tornado,#888888
828,2000,3,26,3/26/2000,21:53:00,3,TX,48,0,0,0,0,0,-94.45,33.25,-94.38,33.13,1.8,20,Tornado,#888888
829,2000,3,26,3/26/2000,21:53:00,3,TX,48,0,0,0,0,0,-94.45,33.25,-94.38,33.13,1.8,20,Tornado,#888888
830,2000,3,26,3/26/2000,21:53:00,3,TX,48,0,0,0,0,0,-94.45,33.25,-94.38,33.13,1.8,20,Tornado,#888888
831,2000,3,28,3/28/2000,19:05:00,3,TX,48,3,0,0,0,0,-97.12,32.73,-96.98,32.75,8,300,Tornado,#FFAA00
832,2000,3,28,3/28/2000,19:05:00,3,TX,48,3,0,0,0,0,-97.12,32.73,-96.98,32.75,8,300,Tornado,#FFAA00
833,2000,3,28,3/28/2000,19:05:00,3,TX,48,3,0,0,0,0,-97.12,32.73,-96.98,32.75,8,300,Tornado,#FFAA00
834,2000,3,28,3/28/2000,19:05:00,3,TX,48,3,0,0,0,0,-97.12,32.73,-96.98,32.75,8,300,Tornado,#FFAA00
835,2000,4,23,4/23/2000,13:41:00,3,TX,48,2,0,0,0,0,-95.27,33.83,-95.05,33.88,12.5,70,Tornado,#008000
836,2000,4,23,4/23/2000,13:41:00,3,TX,48,2,0,0,0,0,-95.27,33.83,-95.05,33.88,12.5,70,Tornado,#008000
837,2000,4,23,4/23/2000,13:41:00,3,TX,48,2,0,0,0,0,-95.27,33.83,-95.05,33.88,12.5,70,Tornado,#008000
838,2000,4,23,4/23/2000,13:41:00,3,TX,48,2,0,0,0,0,-95.27,33.83,-95.05,33.88,12.5,70,Tornado,#008000
839,2000,4,23,4/23/2000,13:41:00,3,TX,48,2,0,0,0,0,-95.27,33.83,-95.05,33.88,12.5,70,Tornado,#008000
840,2000,4,23,4/23/2000,13:41:00,3,TX,48,2,0,0,0,0,-95.27,33.83,-95.05,33.88,12.5,70,Tornado,#008000
841,2000,4,23,4/23/2000,14:53:00,3,TX,48,2,0,0,0.17,0,-94.93,33.17,-94.65,33.25,16.8,150,Tornado,#008000
842,2000,4,23,4/23/2000,14:53:00,3,TX,48,2,0,0,0.17,0,-94.93,33.17,-94.65,33.25,16.8,150,Tornado,#008000
843,2000,4,23,4/23/2000,14:53:00,3,TX,48,2,0,0,0.17,0,-94.93,33.17,-94.65,33.25,16.8,150,Tornado,#008000
844,2000,4,23,4/23/2000,14:53:00,3,TX,48,2,0,0,0.17,0,-94.93,33.17,-94.65,33.25,16.8,150,Tornado,#008000
845,2000,4,23,4/23/2000,14:53:00,3,TX,48,2,0,0,0.17,0,-94.93,33.17,-94.65,33.25,16.8,150,Tornado,#008000
846,2000,4,23,4/23/2000,14:53:00,3,TX,48,2,0,0,0.17,0,-94.93,33.17,-94.65,33.25,16.8,150,Tornado,#008000
847,2000,4,23,4/23/2000,14:53:00,3,TX,48,2,0,0,0.17,0,-94.93,33.17,-94.65,33.25,16.8,150,Tornado,#008000
848,2000,4,23,4/23/2000,14:53:00,3,TX,48,2,0,0,0.17,0,-94.93,33.17,-94.65,33.25,16.8,150,Tornado,#008000
849,2000,4,23,4/23/2000,15:10:00,3,TX,48,2,0,0,0.01,0,-94.75,33.08,-94.55,33.08,7,180,Tornado,#008000
850,2000,4,23,4/23/2000,15:10:00,3,TX,48,2,0,0,0.01,0,-94.75,33.08,-94.55,33.08,7,180,Tornado,#008000
851,2000,4,23,4/23/2000,15:10:00,3,TX,48,2,0,0,0.01,0,-94.75,33.08,-94.55,33.08,7,180,Tornado,#008000
852,2000,4,23,4/23/2000,15:10:00,3,TX,48,2,0,0,0.01,0,-94.75,33.08,-94.55,33.08,7,180,Tornado,#008000
853,2000,4,23,4/23/2000,15:10:00,3,TX,48,2,0,0,0.01,0,-94.75,33.08,-94.55,33.08,7,180,Tornado,#008000
854,2000,4,23,4/23/2000,15:22:00,3,TX,48,2,0,0,0,0,-94.6,33.07,-94.4,33.07,11.8,150,Tornado,#008000
855,2000,4,23,4/23/2000,15:22:00,3,TX,48,2,0,0,0,0,-94.6,33.07,-94.4,33.07,11.8,150,Tornado,#008000
856,2000,4,23,4/23/2000,15:22:00,3,TX,48,2,0,0,0,0,-94.6,33.07,-94.4,33.07,11.8,150,Tornado,#008000
857,2000,4,23,4/23/2000,15:22:00,3,TX,48,2,0,0,0,0,-94.6,33.07,-94.4,33.07,11.8,150,Tornado,#008000
858,2000,4,23,4/23/2000,15:22:00,3,TX,48,2,0,0,0,0,-94.6,33.07,-94.4,33.07,11.8,150,Tornado,#008000
859,2000,4,23,4/23/2000,15:34:00,3,TX,48,1,0,0,0,0,-94.57,32.5,-94.5,32.52,4.5,100,Tornado,#0000FF
860,2000,4,23,4/23/2000,15:34:00,3,TX,48,1,0,0,0,0,-94.57,32.5,-94.5,32.52,4.5,100,Tornado,#0000FF
861,2000,4,23,4/23/2000,15:39:00,3,TX,48,2,0,0,8,0,-94.5,32.47,-94.4,32.52,10.6,150,Tornado,#008000
862,2000,4,23,4/23/2000,15:39:00,3,TX,48,2,0,0,8,0,-94.5,32.47,-94.4,32.52,10.6,150,Tornado,#008000
863,2000,4,23,4/23/2000,15:39:00,3,TX,48,2,0,0,8,0,-94.5,32.47,-94.4,32.52,10.6,150,Tornado,#008000
864,2000,4,23,4/23/2000,15:56:00,3,TX,48,2,0,0,0.25,0,-94.43,33.2,-94.23,33.2,14,150,Tornado,#008000
865,2000,4,23,4/23/2000,15:56:00,3,TX,48,2,0,0,0.25,0,-94.43,33.2,-94.23,33.2,14,150,Tornado,#008000
866,2000,4,23,4/23/2000,15:56:00,3,TX,48,2,0,0,0.25,0,-94.43,33.2,-94.23,33.2,14,150,Tornado,#008000
867,2000,4,23,4/23/2000,15:56:00,3,TX,48,2,0,0,0.25,0,-94.43,33.2,-94.23,33.2,14,150,Tornado,#008000
868,2000,4,23,4/23/2000,15:56:00,3,TX,48,2,0,0,0.25,0,-94.43,33.2,-94.23,33.2,14,150,Tornado,#008000
869,2000,4,23,4/23/2000,15:58:00,3,TX,48,1,0,0,0,0,-94.4,32.97,-94.25,32.93,12.5,70,Tornado,#0000FF
870,2000,4,23,4/23/2000,15:58:00,3,TX,48,1,0,0,0,0,-94.4,32.97,-94.25,32.93,12.5,70,Tornado,#0000FF
871,2000,4,23,4/23/2000,15:58:00,3,TX,48,1,0,0,0,0,-94.4,32.97,-94.25,32.93,12.5,70,Tornado,#0000FF
872,2000,4,23,4/23/2000,15:58:00,3,TX,48,1,0,0,0,0,-94.4,32.97,-94.25,32.93,12.5,70,Tornado,#0000FF
873,2000,4,23,4/23/2000,15:58:00,3,TX,48,3,0,0,0.17,0,-94.38,33.05,-94.07,33.07,16,880,Tornado,#FFAA00
874,2000,4,23,4/23/2000,15:58:00,3,TX,48,3,0,0,0.17,0,-94.38,33.05,-94.07,33.07,16,880,Tornado,#FFAA00
875,2000,4,23,4/23/2000,15:58:00,3,TX,48,3,0,0,0.17,0,-94.38,33.05,-94.07,33.07,16,880,Tornado,#FFAA00
876,2000,4,23,4/23/2000,15:58:00,3,TX,48,3,0,0,0.17,0,-94.38,33.05,-94.07,33.07,16,880,Tornado,#FFAA00
877,2000,4,23,4/23/2000,15:58:00,3,TX,48,3,0,0,0.17,0,-94.38,33.05,-94.07,33.07,16,880,Tornado,#FFAA00
878,2000,4,23,4/23/2000,15:58:00,3,TX,48,3,0,0,0.17,0,-94.38,33.05,-94.07,33.07,16,880,Tornado,#FFAA00
879,2000,4,23,4/23/2000,15:58:00,3,TX,48,3,0,0,0.17,0,-94.38,33.05,-94.07,33.07,16,880,Tornado,#FFAA00
880,2000,4,23,4/23/2000,15:58:00,3,TX,48,3,0,0,0.17,0,-94.38,33.05,-94.07,33.07,16,880,Tornado,#FFAA00
881,2000,4,23,4/23/2000,15:58:00,3,TX,48,3,0,0,0.17,0,-94.38,33.05,-94.07,33.07,16,880,Tornado,#FFAA00
882,2000,4,23,4/23/2000,16:02:00,3,TX,48,2,0,0,0,0,-94.33,32.52,-94.15,32.38,17,100,Tornado,#008000
883,2000,4,23,4/23/2000,16:02:00,3,TX,48,2,0,0,0,0,-94.33,32.52,-94.15,32.38,17,100,Tornado,#008000
884,2000,4,23,4/23/2000,16:02:00,3,TX,48,2,0,0,0,0,-94.33,32.52,-94.15,32.38,17,100,Tornado,#008000
885,2000,4,23,4/23/2000,16:02:00,3,TX,48,2,0,0,0,0,-94.33,32.52,-94.15,32.38,17,100,Tornado,#008000
886,2000,4,23,4/23/2000,16:02:00,3,TX,48,2,0,0,0,0,-94.33,32.52,-94.15,32.38,17,100,Tornado,#008000
887,2000,4,23,4/23/2000,16:02:00,3,TX,48,2,0,0,0,0,-94.33,32.52,-94.15,32.38,17,100,Tornado,#008000
888,2000,4,23,4/23/2000,16:30:00,3,TX,48,1,0,0,0,0,-94.2,32.5,-94.13,32.5,5,100,Tornado,#0000FF
889,2000,4,23,4/23/2000,16:30:00,3,TX,48,1,0,0,0,0,-94.2,32.5,-94.13,32.5,5,100,Tornado,#0000FF
890,2000,4,23,4/23/2000,16:51:00,3,TX,48,1,0,0,0,0,-94.55,32.15,-94.43,32.18,7,50,Tornado,#0000FF
891,2000,4,23,4/23/2000,16:51:00,3,TX,48,1,0,0,0,0,-94.55,32.15,-94.43,32.18,7,50,Tornado,#0000FF
892,2000,4,23,4/23/2000,16:51:00,3,TX,48,1,0,0,0,0,-94.55,32.15,-94.43,32.18,7,50,Tornado,#0000FF
893,2000,4,30,4/30/2000,15:27:00,3,TX,48,0,0,0,0,0,-99.68,33.98,-99.65,34,2,50,Tornado,#888888
894,2000,4,30,4/30/2000,16:09:00,3,TX,48,1,0,0,0.05,0,-99.08,33.27,-99.02,33.28,4,500,Tornado,#0000FF
895,2000,4,30,4/30/2000,16:30:00,3,TX,48,1,0,0,0.05,0,-99.12,34.12,-99.07,34.13,2,70,Tornado,#0000FF
896,2000,5,3,5/3/2000,17:25:00,3,TX,48,1,0,0,0,0,-94.18,31.87,-93.95,31.87,14,40,Tornado,#0000FF
897,2000,5,3,5/3/2000,17:25:00,3,TX,48,1,0,0,0,0,-94.18,31.87,-93.95,31.87,14,40,Tornado,#0000FF
898,2000,5,3,5/3/2000,17:25:00,3,TX,48,1,0,0,0,0,-94.18,31.87,-93.95,31.87,14,40,Tornado,#0000FF
899,2000,5,3,5/3/2000,17:25:00,3,TX,48,1,0,0,0,0,-94.18,31.87,-93.95,31.87,14,40,Tornado,#0000FF
900,2000,5,3,5/3/2000,17:25:00,3,TX,48,1,0,0,0,0,-94.18,31.87,-93.95,31.87,14,40,Tornado,#0000FF
901,2000,5,3,5/3/2000,17:25:00,3,TX,48,1,0,0,0,0,-94.18,31.87,-93.95,31.87,14,40,Tornado,#0000FF
902,2000,5,19,5/19/2000,18:40:00,3,TX,48,0,0,0,0.03,0,-98.82,29.32,-98.73,29.37,3,100,Tornado,#888888
903,2000,5,19,5/19/2000,18:40:00,3,TX,48,0,0,0,0.03,0,-98.82,29.32,-98.73,29.37,3,100,Tornado,#888888
904,2000,5,19,5/19/2000,18:40:00,3,TX,48,0,0,0,0.03,0,-98.82,29.32,-98.73,29.37,3,100,Tornado,#888888
905,2000,6,25,6/25/2000,15:53:00,3,TX,48,0,0,0,0,0,-101.38,35.62,-101.27,35.58,1.5,20,Tornado,#888888
906,2000,6,25,6/25/2000,15:53:00,3,TX,48,0,0,0,0,0,-101.38,35.62,-101.27,35.58,1.5,20,Tornado,#888888
907,2000,6,25,6/25/2000,15:53:00,3,TX,48,0,0,0,0,0,-101.38,35.62,-101.27,35.58,1.5,20,Tornado,#888888
908,2000,7,13,7/13/2000,12:00:00,3,TX,48,1,0,0,0,0,-95.25,33,-95.22,33.02,0.7,50,Tornado,#0000FF
909,2000,10,22,10/22/2000,11:40:00,3,TX,48,0,0,0,0.03,0,-98.55,32.23,-98.53,32.27,2.5,20,Tornado,#888888
910,2000,10,23,10/23/2000,13:10:00,3,TX,48,0,0,0,0.01,0,-101.75,35.15,-101.73,35.27,0.4,50,Tornado,#888888
911,2000,10,23,10/23/2000,13:10:00,3,TX,48,0,0,0,0.01,0,-101.75,35.15,-101.73,35.27,0.4,50,Tornado,#888888
912,2000,10,23,10/23/2000,13:10:00,3,TX,48,0,0,0,0.01,0,-101.75,35.15,-101.73,35.27,0.4,50,Tornado,#888888
913,2000,12,26,12/26/2000,14:30:00,3,TX,48,0,0,0,0,0,-97.67,27.67,-97.63,27.73,5.4,10,Tornado,#888888
914,2000,12,26,12/26/2000,14:30:00,3,TX,48,0,0,0,0,0,-97.67,27.67,-97.63,27.73,5.4,10,Tornado,#888888
